sku,name,category_slugs,main_image
621821,20V LI-ION BRUSHLESS CORDLESS BLOWER (INDUSTRIAL),20v-lithium-ion-platform,https://www.wokintools.com/wp-content/uploads/2026/08/wokin-20v-brushless-cordless-blower-621821.jpg
666007,DOUBLE FIRING FLAMETHROWER,hardware-and-others,https://www.wokintools.com/wp-content/uploads/2026/06/wokin-double-firing-flamethrower-666007.jpg
830912,AIR COMPRESSOR,pneumatic-tools,https://www.wokintools.com/wp-content/uploads/2026/06/wokin-2hp-24l-air-compressor-830912.jpg
655810,GLUE TRAP,hardware-and-others,https://www.wokintools.com/wp-content/uploads/2026/06/wokin-glue-trap-655810.jpg
212506,10PCS IMPACT SCREWDRIVER BIT SET (INDUSTRIAL),fastening-tools,https://www.wokintools.com/wp-content/uploads/2026/06/wokin-10pcs-impact-screwdriver-bit-set-212506-1.jpg
758004,ALLOY SAW BLADE,power-tools-accessories,https://www.wokintools.com/wp-content/uploads/2026/06/wokin-alloy-saw-blade-758004.jpg
223910,105 DEGREE TURNING SCREW ADAPTER,fastening-tools,https://www.wokintools.com/wp-content/uploads/2026/06/wokin-105-degree-turning-screw-adapter-223910.jpg
767006,15PCS MULTI-TOOL BLADE SET,power-tools-accessories,https://www.wokintools.com/wp-content/uploads/2026/06/wokin-15pcs-multi-tool-blade-set-767006.jpg
656233,165 DEGREE SOFT CLOSE HINGE,hardware-and-others,https://www.wokintools.com/wp-content/uploads/2026/06/wokin-165-degree-soft-close-hinge-656233.jpg
656203,165 DEGREE NORMAL HINGE,hardware-and-others,https://www.wokintools.com/wp-content/uploads/2026/06/wokin-165-degree-normal-hinge-656203.jpg
900516,TOOL BOX,tool-bag-and-storage,https://www.wokintools.com/wp-content/uploads/2026/05/wokin-tool-box-900516.jpg
900418,TOOL BOX,tool-bag-and-storage,https://www.wokintools.com/wp-content/uploads/2026/05/wokin-tool-box-900418.jpg
757802,DIAMOND HOLE SAW (INDUSTRIAL),power-tools-accessories,https://www.wokintools.com/wp-content/uploads/2026/05/wokin-diamond-hole-saw.jpg
355620,PU TROWEL,painting-and-masonry-tools,https://www.wokintools.com/wp-content/uploads/2026/05/wokin-pu-trowel-355620.jpg
109513,DIAGONAL FLUSH CUTTER,holding-tools,https://www.wokintools.com/wp-content/uploads/2026/05/wokin-diagonal-flush-cutter-109513.jpg
253404,ADZE,striking-tools,https://www.wokintools.com/wp-content/uploads/2026/05/wokin-adze-253404.jpg
313140,GARDEN RAKE,garden-tools,https://www.wokintools.com/wp-content/uploads/2026/05/wokin-garden-rake-313140.jpg
313130,3-LINE FORK AND HOE,garden-tools,https://www.wokintools.com/wp-content/uploads/2026/05/wokin-3-line-fork-and-hoe-313130.jpg
313120,FIVE TEETH RAKE,garden-tools,https://www.wokintools.com/wp-content/uploads/2026/05/wokin-five-teeth-rake-313120.jpg
313110,FORK,garden-tools,https://www.wokintools.com/wp-content/uploads/2026/05/wokin-fork-313110.jpg
313108,TROWEL,garden-tools,https://www.wokintools.com/wp-content/uploads/2026/05/wokin-trowel-313108.jpg
313105,TRANSPLANTER,garden-tools,https://www.wokintools.com/wp-content/uploads/2026/05/wokin-transplanter-313105.jpg
508308,INFRARED THERMOMETER,measuring-tools,https://www.wokintools.com/wp-content/uploads/2026/04/wokin-infrared-thermometer-508308.jpg
621526,20V LI-ION BRUSHLESS CORDLESS ROTARY HAMMER (INDUSTRIAL),20v-lithium-ion-platform,https://www.wokintools.com/wp-content/uploads/2026/04/wokin-20v-li-ion-brushless-cordless-rotary-hammer-621526.jpg
455500,SAFETY GOGGLE,ppe,https://www.wokintools.com/wp-content/uploads/2026/04/wokin-safety-goggle-455500.jpg
454520,STEEL MESH FACE SHIELD,ppe,https://www.wokintools.com/wp-content/uploads/2026/04/wokin-steel-mesh-face-shield-454520.jpg
450610,ANTI-IMPACT MECHANIC GLOVES (INDUSTRIAL),ppe,https://www.wokintools.com/wp-content/uploads/2026/04/wokin-anti-impact-mechanic-gloves-450610.jpg
450015,WORKING GLOVES,ppe,https://www.wokintools.com/wp-content/uploads/2026/04/wokin-working-gloves-450015.jpg
153120,DUAL HEAD REVERSIBLE RATCHET,mechanics-tools,https://www.wokintools.com/wp-content/uploads/2026/04/wokin-dual-head-reversible-ratchet.jpg
681135,FOLDABLE PLATFORM HAND TRUCK (HEAVY DUTY),lifting-and-handing-equipment,https://www.wokintools.com/wp-content/uploads/2026/04/wokin-foldable-platform-hand-truck-681135-1.jpg
806530,16PCS AIR DIE GRINDER SET,pneumatic-tools,https://www.wokintools.com/wp-content/uploads/2026/04/wokin-16pcs-air-die-grinder-set.jpg
732811,7&#8243; ELECTRICAL DISCONNECT PLIERS (BENT),automotive-tools,https://www.wokintools.com/wp-content/uploads/2026/04/wokin-electrical-disconnect-pliers-bent.jpg
732810,8&#8243; ELECTRICAL DISCONNECT PLIERS (STRAIGHT),automotive-tools,https://www.wokintools.com/wp-content/uploads/2026/04/wokin-8-inch-electrical-disconnect-pliers-straight.jpg
101623,QUICK-RELEASE WATER PUMP PLIERS (INDUSTRIAL),holding-tools,https://www.wokintools.com/wp-content/uploads/2026/04/wokin-quick-release-water-pump-pliers.jpg
101663,ADJUSTABLE PLIERS WRENCH (INDUSTRIAL),holding-tools,https://www.wokintools.com/wp-content/uploads/2026/04/wokin-adjustable-pliers-wrench.jpg
101128,8&#8243; HIGH-LEVERAGE DIAGONAL CUTTER (INDUSTRIAL),holding-tools,https://www.wokintools.com/wp-content/uploads/2026/04/wokin-high-leverage-diagonal-cutter.jpg
101029,9&#8243; HIGH-LEVERAGE COMBINATION PLIERS,holding-tools,https://www.wokintools.com/wp-content/uploads/2026/04/wokin-9-inch-high-leverage-combination-pliers.jpg
452439,SAFETY BOOTS,ppe,https://www.wokintools.com/wp-content/uploads/2026/03/wokin-safety-boots.jpg
506714,ELECTRONIC SCALE 40KG/88LB,measuring-tools,https://www.wokintools.com/wp-content/uploads/2025/09/ELECTRONIC-SCALE.jpg
300520,SNAP-OFF BLADE KNIFE (INDUSTRIAL),cutting-tools,https://www.wokintools.com/wp-content/uploads/2025/09/SNAP-OFF-BLADE-KNIFE.jpg
780101,16V LI-ION CORDLESS IMPACT DRILL (INDUSTRIAL),cordless-tools,https://www.wokintools.com/wp-content/uploads/2024/10/16V-LI-ION-CORDLESS-DRILL.jpg
780010,3.7V CORDLESS ELECTRIC SCREWDRIVER KIT,cordless-tools,https://www.wokintools.com/wp-content/uploads/2025/09/3.7V-CORDLESS-ELECTRIC-SCREWDRIVER-KIT.jpg
960090,BOTTLE OPENER KEYCHAIN,merchandising-and-promotional,https://www.wokintools.com/wp-content/uploads/2026/01/bottle-opener-keychain-wokin-logo-shape-design.jpg
858113,26.7A SILENT INVERTER GENERATOR (SPECIALLY FOR 110-120V MARKET),generators,https://www.wokintools.com/wp-content/uploads/2025/11/26.7A-SILENT-INVERTER-GENERATOR.jpg
858112,15A SILENT INVERTER GENERATOR (SPECIALLY FOR 110-120V MARKET),generators,https://www.wokintools.com/wp-content/uploads/2025/11/15A-SILENT-INVERTER-GENERATOR.jpg
554130,SOLDERING IRON (INDUSTRIAL) (SPECIALLY FOR 110-120V MARKET),electrical-tools,https://www.wokintools.com/wp-content/uploads/2025/11/SOLDERING-IRON.jpg
575330,3/4&#8243; HOSE CONNECTOR (SPECIALLY FOR 110-120V MARKET),garden-tools,https://www.wokintools.com/wp-content/uploads/2025/11/HOSE-CONNECTOR.jpg
638112,20V LI-ION CORDLESS 2-PC. COMBO KIT (SPECIALLY FOR 110-120V MARKET),20v-lithium-ion-platform,https://www.wokintools.com/wp-content/uploads/2025/11/20V-LI-ION-CORDLESS-2-PC.-COMBO-KIT.jpg
630106,20V LI-ION BRUSHLESS CORDLESS IMPACT DRILL (INDUSTRIAL) (SPECIALLY FOR 110-120V MARKET),20v-lithium-ion-platform,https://www.wokintools.com/wp-content/uploads/2025/11/20V-LI-ION-BRUSHLESS-CORDLESS-IMPACT-DRILL.jpg
632010,20V LI-ION CORDLESS DRILL (SPECIALLY FOR 110-120V MARKET),20v-lithium-ion-platform,https://www.wokintools.com/wp-content/uploads/2025/11/20V-LI-ION-CORDLESS-DRILL.jpg
854114,EXHAUST FAN (SPECIALLY FOR 110-120V MARKET),hardware-and-others,https://www.wokintools.com/wp-content/uploads/2025/11/EXHAUST-FAN-1.jpg
854104,EXHAUST FAN (SPECIALLY FOR 110-120V MARKET),hardware-and-others,https://www.wokintools.com/wp-content/uploads/2025/11/EXHAUST-FAN.jpg
506823,ELECTRONIC PLATFORM SCALE (SPECIALLY FOR 110-120V MARKET),measuring-tools,https://www.wokintools.com/wp-content/uploads/2025/11/wokin-electronic-platform-scale-assembled-full-view.jpg
856510,3A AUTOMATIC SELF-PRIMING PERIPHERAL PUMP (SPECIALLY FOR 110-120V MARKET),power-tools-110-120v-market,https://www.wokintools.com/wp-content/uploads/2025/11/3A-AUTOMATIC-SELF-PRIMING-PERIPHERAL-PUMP.jpg
797311,FLEXIBLE AIR DUST HOSE (SPECIALLY FOR 110-120V MARKET),power-tools-110-120v-market,https://www.wokintools.com/wp-content/uploads/2025/11/FLEXIBLE-AIR-DUST-HOSE.jpg
797316,12.5A PORTABLE BLOWER FAN (SPECIALLY FOR 110-120V MARKET),power-tools-110-120v-market,https://www.wokintools.com/wp-content/uploads/2025/11/12.5A-PORTABLE-BLOWER-FAN.jpg
797310,3A PORTABLE BLOWER FAN (SPECIALLY FOR 110-120V MARKET),power-tools-110-120v-market,https://www.wokintools.com/wp-content/uploads/2025/11/3A-PORTABLE-BLOWER-FAN.jpg
853015,12.5A TABLE SAW (SPECIALLY FOR 110-120V MARKET),power-tools-110-120v-market,https://www.wokintools.com/wp-content/uploads/2025/11/12.5A-TABLE-SAW.jpg
857510,10A VACUUM CLEANER (INDUSTRIAL) (SPECIALLY FOR 110-120V MARKET),power-tools-110-120v-market,https://www.wokintools.com/wp-content/uploads/2025/11/10A-VACUUM-CLEANER.jpg
853118,15A SLIDING MITER SAW (INDUSTRIAL) (SPECIALLY FOR 110-120V MARKET),power-tools-110-120v-market,https://www.wokintools.com/wp-content/uploads/2025/11/15A-SLIDING-MITER-SAW.jpg
852916,13A DEMOLITION HAMMER (INDUSTRIAL) (SPECIALLY FOR 110-120V MARKET),power-tools-110-120v-market,https://www.wokintools.com/wp-content/uploads/2025/11/13A-DEMOLITION-HAMMER.jpg
852804,11A ROTARY HAMMER (INDUSTRIAL) (SPECIALLY FOR 110-120V MARKET),power-tools-110-120v-market,https://www.wokintools.com/wp-content/uploads/2025/10/11A-ROTARY-HAMMER-1.jpg
571910,PULSATING IMPACT SPRINKLERS (INDUSTRIAL),garden-tools,https://www.wokintools.com/wp-content/uploads/2025/09/PULSATING-IMPACT-SPRINKLERS.jpg
572510,Y-SWITCH COUPLING WITH SWIVEL (INDUSTRIAL),garden-tools,https://www.wokintools.com/wp-content/uploads/2025/09/Y-SWITCH-COUPLING-WITH-SWIVEL.jpg
902133,THREE TRAY TOOL CART,tool-bag-and-storage,https://www.wokintools.com/wp-content/uploads/2025/09/THREE-TRAY-TOOL-CART.jpg
831850,500L AIR COMPRESSOR (INDUSTRIAL),pneumatic-tools,https://www.wokintools.com/wp-content/uploads/2025/09/500L-AIR-COMPRESSOR.jpg
831712,300L AIR COMPRESSOR (INDUSTRIAL),pneumatic-tools,https://www.wokintools.com/wp-content/uploads/2025/09/300L-AIR-COMPRESSOR-1.jpg
831330,300L AIR COMPRESSOR (INDUSTRIAL),pneumatic-tools,https://www.wokintools.com/wp-content/uploads/2025/09/300L-AIR-COMPRESSOR.jpg
831320,200L AIR COMPRESSOR (INDUSTRIAL),pneumatic-tools,https://www.wokintools.com/wp-content/uploads/2025/09/200L-AIR-COMPRESSOR.jpg
805910,AIR RIVETER (INDUSTRIAL),pneumatic-tools,https://www.wokintools.com/wp-content/uploads/2025/09/wokin-air-riveter-805910.jpg
805810,AIR BLOW GUN (INDUSTRIAL),pneumatic-tools,https://www.wokintools.com/wp-content/uploads/2025/09/AIR-BLOW-GUN.jpg
805610,190MM AIR HAMMER (INDUSTRIAL),pneumatic-tools,https://www.wokintools.com/wp-content/uploads/2025/09/wokin-190mm-air-hammer-805610.jpg
805710,AIR SANDER (INDUSTRIAL),pneumatic-tools,https://www.wokintools.com/wp-content/uploads/2025/09/AIR-SANDER.jpg
805013,1/2&#8243; AIR IMPACT WRENCH (INDUSTRIAL),pneumatic-tools,https://www.wokintools.com/wp-content/uploads/2025/09/AIR-IMPACT-WRENCH.jpg
805068,1/2&#8243; MINI AIR IMPACT WRENCH (INDUSTRIAL),pneumatic-tools,https://www.wokintools.com/wp-content/uploads/2025/09/MINI-AIR-IMPACT-WRENCH.jpg
799131,VIBRATORY ROLLER (DIESEL) (INDUSTRIAL),construction-equipment,https://www.wokintools.com/wp-content/uploads/2025/09/VIBRATORY-ROLLER-2.jpg
799121,VIBRATORY ROLLER (DIESEL) (INDUSTRIAL),construction-equipment,https://www.wokintools.com/wp-content/uploads/2025/09/VIBRATORY-ROLLER-1.jpg
799111,VIBRATORY ROLLER (GASOLINE) (INDUSTRIAL),construction-equipment,https://www.wokintools.com/wp-content/uploads/2025/09/VIBRATORY-ROLLER.jpg
797718,1800W MULTI-PURPOSE MAGNETIC DRILL,power-tools,https://www.wokintools.com/wp-content/uploads/2025/09/1800W-MULTI-PURPOSE-MAGNETIC-DRILL.jpg
795713,1350W 10&#8243; MITER SAW (INDUSTRIAL),power-tools,https://www.wokintools.com/wp-content/uploads/2025/09/MITER-SAW.jpg
629322,DUAL PORT FAST LI-ION BATTERY CHARGER,20v-lithium-ion-platform,https://www.wokintools.com/wp-content/uploads/2025/09/DUAL-PORT-FAST-LI-ION-BATTERY-CHARGER-1.jpg
629344,DUAL PORT FAST LI-ION BATTERY CHARGER,20v-lithium-ion-platform,https://www.wokintools.com/wp-content/uploads/2025/09/DUAL-PORT-FAST-LI-ION-BATTERY-CHARGER.jpg
626042,20V LI-ION CORDLESS PRESSURE SPRAYER,20v-lithium-ion-platform,https://www.wokintools.com/wp-content/uploads/2025/09/20V-LI-ION-CORDLESS-PRESSURE-SPRAYER.jpg
624030,20V LI-ION CORDLESS BLOWER,20v-lithium-ion-platform,https://www.wokintools.com/wp-content/uploads/2025/09/20V-LI-ION-CORDLESS-BLOWER.jpg
624020,20V LI-ION CORDLESS GRASS TRIMMER,20v-lithium-ion-platform,https://www.wokintools.com/wp-content/uploads/2025/09/20V-LI-ION-CORDLESS-GRASS-TRIMMER.jpg
624010,20V LI-ION CORDLESS HEDGE TRIMMER,20v-lithium-ion-platform,https://www.wokintools.com/wp-content/uploads/2025/09/20V-LI-ION-CORDLESS-HEDGE-TRIMMER.jpg
621412,20V LI-ION BRUSHLESS CORDLESS ANGLE GRINDER (INDUSTRIAL),20v-lithium-ion-platform,https://www.wokintools.com/wp-content/uploads/2025/09/20V-LI-ION-BRUSHLESS-CORDLESS-ANGLE-GRINDER.jpg
624060,20V LI-ION CORDLESS PRUNING SAW,20v-lithium-ion-platform,https://www.wokintools.com/wp-content/uploads/2025/09/20V-LI-ION-CORDLESS-PRUNING-SAW.jpg
628112,20V LI-ION CORDLESS 2-PC. COMBO KIT,20v-lithium-ion-platform,https://www.wokintools.com/wp-content/uploads/2025/09/20V-LI-ION-CORDLESS-2-PC.-COMBO-KIT.jpg
621220,20V LI-ION BRUSHLESS CORDLESS IMPACT DRIVER (INDUSTRIAL),20v-lithium-ion-platform,https://www.wokintools.com/wp-content/uploads/2025/09/20V-LI-ION-BRUSHLESS-CORDLESS-IMPACT-DRIVER-1.jpg
620220,20V LI-ION BRUSHLESS CORDLESS IMPACT DRIVER (INDUSTRIAL),20v-lithium-ion-platform,https://www.wokintools.com/wp-content/uploads/2025/09/20V-LI-ION-BRUSHLESS-CORDLESS-IMPACT-DRIVER.jpg
621303,20V LI-ION BRUSHLESS CORDLESS IMPACT WRENCH (350 N.m) (INDUSTRIAL),20v-lithium-ion-platform,https://www.wokintools.com/wp-content/uploads/2025/09/20V-BRUSHLESS-CORDLESS-IMPACT-WRENCH-2.jpg
620333,20V LI-ION BRUSHLESS CORDLESS IMPACT WRENCH (INDUSTRIAL),20v-lithium-ion-platform,https://www.wokintools.com/wp-content/uploads/2025/09/20V-BRUSHLESS-CORDLESS-IMPACT-WRENCH-3.jpg
621160,20V LI-ION BRUSHLESS CORDLESS IMPACT DRILL (INDUSTRIAL),20v-lithium-ion-platform,https://www.wokintools.com/wp-content/uploads/2025/09/wokin-20v-brushless-cordless-impact-drill-bare-tool.jpg
622033,20V LI-ION CORDLESS DRILL,20v-lithium-ion-platform,https://www.wokintools.com/wp-content/uploads/2025/09/20V-LI-ION-CORDLESS-DRILL.jpg
626039,20V LI-ION CORDLESS 3/8&#8243; DRIVE RATCHET,20v-lithium-ion-platform,https://www.wokintools.com/wp-content/uploads/2025/09/20V-LI-ION-CORDLESS-DRIVE-RATCHET.jpg
622103,20V LI-ION CORDLESS IMPACT DRILL,20v-lithium-ion-platform,https://www.wokintools.com/wp-content/uploads/2025/09/20V-CORDLESS-IMPACT-DRILL.jpg
620060,20V LI-ION BRUSHLESS CORDLESS DRILL (INDUSTRIAL),20v-lithium-ion-platform,https://www.wokintools.com/wp-content/uploads/2025/09/20V-BRUSHLESS-CORDLESS-DRILL.jpg
621310,20V LI-ION BRUSHLESS CORDLESS IMPACT WRENCH (1000 N.m) (INDUSTRIAL),20v-lithium-ion-platform,https://www.wokintools.com/wp-content/uploads/2025/09/wokin-20v-li-ion-brushless-cordless-impact-wrench-1000-n-m-621310.jpg
621305,20V LI-ION BRUSHLESS CORDLESS IMPACT WRENCH (500 N.m) (INDUSTRIAL),20v-lithium-ion-platform,https://www.wokintools.com/wp-content/uploads/2025/09/20V-BRUSHLESS-CORDLESS-IMPACT-WRENCH-1.jpg
760118,DEPRESSED CENTRE CUTTING-OFF WHEEL (TYPE 42),power-tools-accessories,https://www.wokintools.com/wp-content/uploads/2025/09/DEPRESSED-CENTRE-CUTTING-OFF-WHEEL.jpg
109604,4PCS STAINLESS STEEL TWEEZERS (INDUSTRIAL),hardware-and-others,https://www.wokintools.com/wp-content/uploads/2025/09/4PCS-STAINLESS-STEEL-TWEEZERS.jpg
793552,52CC PETROL BRUSH CUTTER AND LINE TRIMMER,garden-tools,https://www.wokintools.com/wp-content/uploads/2025/09/52CC-PETROL-BRUSH-CUTTER-AND-LINE-TRIMMER.jpg
856407,1HP PERIPHERAL PUMP (SPECIALLY FOR 110-120V MARKET),power-tools-110-120v-market,https://www.wokintools.com/wp-content/uploads/2025/09/wokin-1hp-peripheral-pump-856407.jpg
858912,DRUM FAN (SPECIALLY FOR 110-120V MARKET),power-tools-110-120v-market,https://www.wokintools.com/wp-content/uploads/2025/09/DRUM-FAN-1.jpg
858902,DRUM FAN (SPECIALLY FOR 110-120V MARKET),power-tools-110-120v-market,https://www.wokintools.com/wp-content/uploads/2025/09/DRUM-FAN.jpg
653120,BOPP PACKING TAPE,hardware-and-others,https://www.wokintools.com/wp-content/uploads/2025/09/BOPP-PACKING-TAPE.jpg
660606,BRASS SHUTTER PADLOCK (INDUSTRIAL),hardware-and-others,https://www.wokintools.com/wp-content/uploads/2025/09/BRASS-SHUTTER-PADLOCK.jpg
739608,HAND WINCH (INDUSTRIAL),lifting-and-handing-equipment,https://www.wokintools.com/wp-content/uploads/2025/09/HAND-WINCH-1.jpg
685410,PU FOAM WHEEL (INDUSTRIAL),lifting-and-handing-equipment,https://www.wokintools.com/wp-content/uploads/2025/09/PU-FOAM-WHEEL.jpg
456210,FOLDABLE DUST MASK (INDUSTRIAL),ppe,https://www.wokintools.com/wp-content/uploads/2025/09/FOLDABLE-DUST-MASK.jpg
357612,BLADE FOR TILE CUTTER (INDUSTRIAL),painting-and-masonry-tools,https://www.wokintools.com/wp-content/uploads/2025/09/BLADE-FOR-TILE-CUTTER-1.jpg
357680,BLADE FOR TILE CUTTER (INDUSTRIAL),painting-and-masonry-tools,https://www.wokintools.com/wp-content/uploads/2025/09/BLADE-FOR-TILE-CUTTER.jpg
506723,ELECTRONIC PLATFORM SCALE,measuring-tools,https://www.wokintools.com/wp-content/uploads/2025/09/ELECTRONIC-PLATFORM-SCALE.jpg
334240,40PCS TAP AND DIE SET,plumbing-tools,https://www.wokintools.com/wp-content/uploads/2025/09/40PCS-TAP-AND-DIE-SET.jpg
334211,110PCS TAP AND DIE SET,plumbing-tools,https://www.wokintools.com/wp-content/uploads/2025/09/110PCS-TAP-AND-DIE-SET.jpg
334232,32PCS TAP AND DIE SET,plumbing-tools,https://www.wokintools.com/wp-content/uploads/2025/09/32PCS-TAP-AND-DIE-SET.jpg
300625,SNAP-OFF BLADE KNIFE (INDUSTRIAL),cutting-tools,https://www.wokintools.com/wp-content/uploads/2025/09/SNAP-OFF-BLADE-KNIFE-2.jpg
108719,9&#8243; OIL FILTER MASTER PLIERS (INDUSTRIAL),holding-tools,https://www.wokintools.com/wp-content/uploads/2025/09/9-INCH-OIL-FILTER-MASTER-PLIERS.jpg
107912,12&#8243; STRAP WRENCH (INDUSTRIAL),holding-tools,https://www.wokintools.com/wp-content/uploads/2025/09/12-INCH-STRAP-WRENCH.jpg
107910,12&#8243; CHAIN WRENCH (INDUSTRIAL),holding-tools,https://www.wokintools.com/wp-content/uploads/2025/09/12-INCH-CHAIN-WRENCH.jpg
107909,9&#8243; CHAIN WRENCH,holding-tools,https://www.wokintools.com/wp-content/uploads/2025/09/9-INCH-CHAIN-WRENCH.jpg
215710,RIVET NUT TOOL KIT,fastening-tools,https://www.wokintools.com/wp-content/uploads/2025/09/RIVET-GUN-SET.jpg
732512,UNIVERSAL TIE ROD WRENCH,automotive-tools,https://www.wokintools.com/wp-content/uploads/2025/08/UNIVERSAL-TIE-ROD-WRENCH.jpg
732328,28PCS RADIATOR PRESSURE TESTER VACUUM-TYPE COOLING SYSTEM KIT,automotive-tools,https://www.wokintools.com/wp-content/uploads/2025/08/28PCS-RADIATOR-PRESSURE-TESTER-VACUUM-TYPE-COOLING-SYSTEM-KIT.jpg
720941,419PCS RUBBER O-RING ASSORTMENT KIT,automotive-tools,https://www.wokintools.com/wp-content/uploads/2025/08/419PCS-RUBBER-O-RING-ASSORTMENT-KIT.jpg
739010,MULTI-PURPOSE CYLINDER COMPRESSION DIAGNOSTIC TESTER,automotive-tools,https://www.wokintools.com/wp-content/uploads/2025/08/MULTI-PURPOSE-CYLINDER-COMPRESSION-DIAGNOSTIC-TESTER.jpg
732010,BEARING SEPARATOR,automotive-tools,https://www.wokintools.com/wp-content/uploads/2025/08/BEARING-SEPARATOR.jpg
732009,9PCS INTERNAL BEARING PULLER SET,automotive-tools,https://www.wokintools.com/wp-content/uploads/2025/08/9PCS-INTERNAL-BEARING-PULLER-SET.jpg
725315,15PCS AUTOMOTIVE CUP TYPEOIL FILTER WRENCH SET,automotive-tools,https://www.wokintools.com/wp-content/uploads/2025/08/15PCS-AUTOMOTIVE-CUP-TYPEOIL-FILTER-WRENCH-SET.jpg
732621,21PCS UNIVERSAL CALIPER DISC BRAKE WIND BACK TOOL KIT,automotive-tools,https://www.wokintools.com/wp-content/uploads/2025/08/21PCS-UNIVERSAL-CALIPER-DISC-BRAKE-WIND-BACK-TOOL-KIT.jpg
732613,13PCS UNIVERSAL CALIPER DISC BRAKE WIND BACK TOOL KIT,automotive-tools,https://www.wokintools.com/wp-content/uploads/2025/08/13PCS-UNIVERSAL-CALIPER-DISC-BRAKE-WIND-BACK-TOOL-KIT.jpg
721710,VALVE SPRING COMPRESSOR KITR,automotive-tools,https://www.wokintools.com/wp-content/uploads/2025/08/VALVE-SPRING-COMPRESSOR-KITR.jpg
732327,27PCS BUSHING REMOVAL TOOL SET,automotive-tools,https://www.wokintools.com/wp-content/uploads/2025/08/27PCS-BUSHING-REMOVAL-TOOL-SET.jpg
732326,26PCS UNIVERSAL BEARING AND BUSH REMOVE KIT,automotive-tools,https://www.wokintools.com/wp-content/uploads/2025/08/26PCS-UNIVERSAL-BEARING-AND-BUSH-REMOVE-KIT.jpg
732121,21PCS BALL JOINT SERVICE MASTER ADAPATOR SET,automotive-tools,https://www.wokintools.com/wp-content/uploads/2025/08/21PCS-BALL-JOINT-SERVICE-MASTER-ADAPATOR-SET.jpg
732110,10PCS BALL JOINT PRESS KIT,automotive-tools,https://www.wokintools.com/wp-content/uploads/2025/08/10PCS-BALL-JOINT-PRESS-KIT.jpg
334513,131PCS THREAD REPAIR SET,automotive-tools,https://www.wokintools.com/wp-content/uploads/2025/08/131PCS-THREAD-REPAIR-SET.jpg
732703,3PCS FORK BAR SET,automotive-tools,https://www.wokintools.com/wp-content/uploads/2025/08/3PCS-FORK-BAR-SET.jpg
721610,MACPHERSON SPRING DUMPER EXTRACTOR,automotive-tools,https://www.wokintools.com/wp-content/uploads/2025/08/MACPHERSON-SPRING-DUMPER-EXTRACTOR.jpg
721510,MACPHERSON STRUT SPRING COMPRESSOR,automotive-tools,https://www.wokintools.com/wp-content/uploads/2025/08/MACPHERSON-STRUT-SPRING-COMPRESSOR.jpg
721502,2PCS COIL SPRING COMPRESSOR SET,automotive-tools,https://www.wokintools.com/wp-content/uploads/2025/08/2PCS-COIL-SPRING-COMPRESSOR-SET.jpg
721910,10&#8243; VALVE STEM SEAL PLIERS (INDUSTRIAL),automotive-tools,https://www.wokintools.com/wp-content/uploads/2025/08/VALVE-STEM-SEAL-PLIERS.jpg
732209,10&#8243; FUEL LINE PLIERS,automotive-tools|holding-tools,https://www.wokintools.com/wp-content/uploads/2025/08/FUEL-LINE-PLIERS.jpg
721810,WHEEL BALANCING WEIGHT PLIERS WITH INVISIBLE SPRING (INDUSTRIAL),automotive-tools,https://www.wokintools.com/wp-content/uploads/2025/08/WHEEL-BALANCING-WEIGHT-PLIERS-WITH-INVISIBLE-SPRING.jpg
734080,7.4V CORDLESS AUTO AIR COMPRESSOR,automotive-tools,https://www.wokintools.com/wp-content/uploads/2025/08/7.4V-CORDLESS-AUTO-AIR-COMPRESSOR-1.jpg
586245,BATTERY CHARGER,automotive-tools,https://www.wokintools.com/wp-content/uploads/2025/08/BATTERY-CHARGER-2.jpg
586230,BATTERY CHARGER,automotive-tools,https://www.wokintools.com/wp-content/uploads/2025/08/BATTERY-CHARGER-1.jpg
586106,6V/12V BATTERY CHARGER (INDUSTRIAL),automotive-tools,https://www.wokintools.com/wp-content/uploads/2025/08/BATTERY-CHARGER.jpg
742809,90L PNEUMATIC OIL DRAINS,automotive-tools,https://www.wokintools.com/wp-content/uploads/2025/08/90L-PNEUMATIC-OIL-DRAINS.jpg
742807,70L PNEUMATIC OIL DRAINS,automotive-tools,https://www.wokintools.com/wp-content/uploads/2025/08/70L-PNEUMATIC-OIL-DRAINS.jpg
742506,GDI FUEL INJECTOR CLEANER &#038; TESTER,automotive-tools,https://www.wokintools.com/wp-content/uploads/2025/08/GDI-FUEL-INJECTOR-CLEANER-TESTER-1.jpg
742020,TIRE BALANCER (INDUSTRIAL),automotive-tools,https://www.wokintools.com/wp-content/uploads/2025/08/TIRE-BALANCER.jpg
741020,CAR TIRE CHANGER (INDUSTRIAL),automotive-tools,https://www.wokintools.com/wp-content/uploads/2025/08/CAR-TIRE-CHANGER.jpg
743310,3D WHEEL ALIGNER (INDUSTRIAL),automotive-tools,https://www.wokintools.com/wp-content/uploads/2025/08/3D-WHEEL-ALIGNER.jpg
743025,5T FOUR POST LIFT (INDUSTRIAL),automotive-tools,https://www.wokintools.com/wp-content/uploads/2025/08/5T-FOUR-POST-LIFT.jpg
743004,4T BASEPLATE 2 POST LIFT (INDUSTRIAL),automotive-tools,https://www.wokintools.com/wp-content/uploads/2025/08/2-POST-LIFT.jpg
737605,1/2 TON LOW PROFILE TRANSMISSION JACK,automotive-tools,https://www.wokintools.com/wp-content/uploads/2025/08/TRANSMISSION-JACK-2.jpg
737615,1500LBS ENGINE CRANE,automotive-tools,https://www.wokintools.com/wp-content/uploads/2025/08/ENGINE-CRANE.jpg
736543,HEAVY-DUTY LONG FLOOR JACK,automotive-tools,https://www.wokintools.com/wp-content/uploads/2025/08/HEAVY-DUTY-LONG-FLOOR-JACK.jpg
159212,1/2&#8243; DR. BIT SOCKET (INDUSTRIAL),mechanics-tools,https://www.wokintools.com/wp-content/uploads/2025/04/BIT-SOCKET.jpg
780725,12V LI-ION CORDLESS IMPACT DRIVER,cordless-tools,https://www.wokintools.com/wp-content/uploads/2025/08/12V-LI-ION-CORDLESS-IMPACT-DRIVER.jpg
780721,12V LI-ION CORDLESS DRILL,cordless-tools,https://www.wokintools.com/wp-content/uploads/2025/08/12V-CORDLESS-DRILL.jpg
780058,ELECTRIC VACUUM SUCTION CUP,cordless-tools,https://www.wokintools.com/wp-content/uploads/2025/08/3.7V-ELECTRIC-VACUUM-SUCTION-CUP.jpg
858714,12A MARBLE CUTTER (SPECIALLY FOR 110-120V MARKET),power-tools-110-120v-market,https://www.wokintools.com/wp-content/uploads/2025/08/12A-MARBLE-CUTTER.jpg
662850,RATCHET TIE DOWN,lifting-and-handing-equipment,https://www.wokintools.com/wp-content/uploads/2025/08/RATCHET-TIE-DOWN.jpg
555206,60W GLUE GUN (SPECIALLY FOR 110-120V MARKET),electrical-tools,https://www.wokintools.com/wp-content/uploads/2024/10/60W-GLUE-GUN.jpg
812603,TIRE AIR GAUGE (10-120PSI),automotive-tools,https://www.wokintools.com/wp-content/uploads/2024/08/TIRE-AIR-GAUGE.jpg
764544,DIAMOND DISC FOR ASPHALT CUTTING (INDUSTRIAL),power-tools-accessories,https://www.wokintools.com/wp-content/uploads/2023/10/DIAMOND-DISC-FOR-ASPHALT-CUTTING.jpg
764543,DIAMOND DISC FOR CONCRETE CUTTING (INDUSTRIAL),power-tools-accessories,https://www.wokintools.com/wp-content/uploads/2023/10/DIAMOND-DISC-FOR-CONCRETE-CUTTING.jpg
902528,MULTIFUNCTIONAL 4-LAYER TROLLEY CART,tool-bag-and-storage,https://www.wokintools.com/wp-content/uploads/2025/08/MULTIFUNCTIONAL-4-LAYER-TROLLEY-CART.jpg
900310,FOLDABLE WORKBENCH,tool-bag-and-storage,https://www.wokintools.com/wp-content/uploads/2025/08/FOLDABLE-WORKBENCH.jpg
790175,750W PERIPHERAL PUMP,power-tools,https://www.wokintools.com/wp-content/uploads/2025/08/750W-PERIPHERAL-PUMP.jpg
786558,380L DIESEL CONCRETE MIXER,construction-equipment,https://www.wokintools.com/wp-content/uploads/2025/08/380L-DIESEL-CONCRETE-MIXER.jpg
786553,380L GASOLINE CONCRETE MIXER,construction-equipment,https://www.wokintools.com/wp-content/uploads/2025/08/380L-GASOLINE-CONCRETE-MIXER.jpg
786536,380L ELECTRIC CONCRETE MIXER,construction-equipment|power-tools,https://www.wokintools.com/wp-content/uploads/2025/08/380L-ELECTRIC-CONCRETE-MIXER.jpg
786525,250L ELECTRIC CONCRETE MIXER,construction-equipment|power-tools,https://www.wokintools.com/wp-content/uploads/2025/08/250L-ELECTRIC-CONCRETE-MIXER.jpg
786528,250L GASOLINE CONCRETE MIXER,construction-equipment,https://www.wokintools.com/wp-content/uploads/2025/08/250L-GASOLINE-CONCRETE-MIXER.jpg
737755,50 TON HYDRAULIC SHOP PRESS,automotive-tools,https://www.wokintools.com/wp-content/uploads/2025/08/50-TON-HYDRAULIC-SHOP-PRESS.jpg
737753,30 TON HYDRAULIC SHOP PRESS,automotive-tools,https://www.wokintools.com/wp-content/uploads/2025/08/30-TON-HYDRAULIC-SHOP-PRESS.jpg
737752,20 TON HYDRAULIC SHOP PRESS,automotive-tools,https://www.wokintools.com/wp-content/uploads/2025/08/20-TON-HYDRAULIC-SHOP-PRESS.jpg
737710,10 TON HYDRAULIC SHOP PRESS,automotive-tools,https://www.wokintools.com/wp-content/uploads/2025/08/10-TON-HYDRAULIC-SHOP-PRESS.jpg
737125,TRANSMISSION JACK,automotive-tools,https://www.wokintools.com/wp-content/uploads/2025/08/TRANSMISSION-JACK-1.jpg
737115,TRANSMISSION JACK,automotive-tools,https://www.wokintools.com/wp-content/uploads/2025/08/TRANSMISSION-JACK.jpg
736321,SPIRAL JACK,automotive-tools,https://www.wokintools.com/wp-content/uploads/2025/08/SPIRAL-JACK.jpg
332304,4PCS NUT SPLITTER SET,plumbing-tools,https://www.wokintools.com/wp-content/uploads/2025/08/4PCS-NUT-SPLITTER-SET.jpg
332302,2PCS NUT SPLITTER SET,plumbing-tools,https://www.wokintools.com/wp-content/uploads/2025/08/2PCS-NUT-SPLITTER-SET.jpg
791910,HYDRAULIC PULLER SET,automotive-tools,https://www.wokintools.com/wp-content/uploads/2025/08/HYDRAULIC-PULLER-SET.jpg
731908,8PCS PRESSURE SCREW BEARING SEPARATOR PULLER SET,automotive-tools,https://www.wokintools.com/wp-content/uploads/2025/08/8PCS-PRESSURE-SCREW-BEARING-SEPARATOR-PULLER-SET.jpg
,12PCS PRESSURE SCREW BEARING SEPARATOR PULLER SET,automotive-tools,https://www.wokintools.com/wp-content/uploads/2025/08/12PCS-PRESSURE-SCREW-BEARING-SEPARATOR-PULLER-SET.jpg
553615,HEAVY-DUTY CRIMPING TOOL,electrical-tools,https://www.wokintools.com/wp-content/uploads/2025/08/HEAVY-DUTY-CRIMPING-TOOL.jpg
350894,WOODEN HANDLE,hardware-and-others,https://www.wokintools.com/wp-content/uploads/2025/08/WOODEN-HANDLE.jpg
731912,BROOM HEAD,hardware-and-others,https://www.wokintools.com/wp-content/uploads/2025/08/BROOM-HEAD.jpg
691717,HEX SELF-TAPPING SCREW WITH RUBBER WASHER,hardware-and-others,https://www.wokintools.com/wp-content/uploads/2025/07/HEX-WASHER-HEAD-SELF-DRILLING-SCREW-1.jpg
691710,HEX SELF-DRILLING SCREW WITH RUBBER WASHER,hardware-and-others,https://www.wokintools.com/wp-content/uploads/2025/07/HEX-WASHER-HEAD-SELF-DRILLING-SCREW.jpg
691641,SELF-TAPPING SCREW,hardware-and-others,https://www.wokintools.com/wp-content/uploads/2025/07/SELF-TAPPING-SCREW.jpg
691551,SELF-DRILLING SCREW,hardware-and-others,https://www.wokintools.com/wp-content/uploads/2025/07/PAN-FRAMING-HEAD-SELF-DRILLING-SCREW-2.jpg
691541,SELF-DRILLING SCREW,hardware-and-others,https://www.wokintools.com/wp-content/uploads/2025/07/PAN-FRAMING-HEAD-SELF-DRILLING-SCREW-1.jpg
691531,SELF-DRILLING SCREW,hardware-and-others,https://www.wokintools.com/wp-content/uploads/2025/07/PAN-FRAMING-HEAD-SELF-DRILLING-SCREW.jpg
691331,SELF-DRILLING SCREW,hardware-and-others,https://www.wokintools.com/wp-content/uploads/2025/07/FLAT-HEAD-SELF-DRILLING-SCREW.jpg
691645,SELF-DRILLING SCREW,hardware-and-others,https://www.wokintools.com/wp-content/uploads/2025/07/SELF-DRILLING-SCREW-2.jpg
691231,DRYWALL SCREW,hardware-and-others,https://www.wokintools.com/wp-content/uploads/2025/07/SELF-DRILLING-SCREW-1.jpg
691031,DRYWALL SCREW,hardware-and-others,https://www.wokintools.com/wp-content/uploads/2025/07/SELF-DRILLING-SCREW.jpg
699530,BARBED WIRE,garden-tools,https://www.wokintools.com/wp-content/uploads/2025/07/BARBED-WIRE.jpg
831710,AIR COMPRESSOR,pneumatic-tools,https://www.wokintools.com/wp-content/uploads/2025/07/AIR-COMPRESSOR-1.jpg
831704,AIR COMPRESSOR,pneumatic-tools,https://www.wokintools.com/wp-content/uploads/2025/07/AIR-COMPRESSOR.jpg
831635,35L AIR COMPRESSOR (GASOLINE-POWERED),pneumatic-tools,https://www.wokintools.com/wp-content/uploads/2025/07/35L-AIR-COMPRESSOR.jpg
831624,24L AIR COMPRESSOR (GASOLINE-POWERED),pneumatic-tools,https://www.wokintools.com/wp-content/uploads/2025/07/24L-AIR-COMPRESSOR.jpg
831905,5.5HP AIR COMPRESSOR HEAD,pneumatic-tools,https://www.wokintools.com/wp-content/uploads/2025/06/5.5HP-AIR-COMPRESSOR-HEAD.jpg
831904,4HP AIR COMPRESSOR HEAD,pneumatic-tools,https://www.wokintools.com/wp-content/uploads/2025/06/4HP-AIR-COMPRESSOR-HEAD.jpg
831903,3HP AIR COMPRESSOR HEAD,pneumatic-tools,https://www.wokintools.com/wp-content/uploads/2025/06/3HP-AIR-COMPRESSOR-HEAD.jpg
665004,3 STRANDS PP TWISTED ROPE,hardware-and-others,https://www.wokintools.com/wp-content/uploads/2025/07/3-STRANDS-PP-TWISTED-ROPE.jpg
601820,ALUMINUM FLASHLIGHT,hardware-and-others,https://www.wokintools.com/wp-content/uploads/2025/07/ALUMINUM-FLASHLIGHT.jpg
656122,SOFT SHORT ARM CLOSE HINGE,hardware-and-others,https://www.wokintools.com/wp-content/uploads/2025/07/SOFT-SHORT-ARM-CLOSE-HINGE.jpg
656112,NORMAL SHORT ARM HINGE,hardware-and-others,https://www.wokintools.com/wp-content/uploads/2025/07/NORMAL-SHORT-ARM-HINGE.jpg
665322,CYLINDRICAL KNOB LOCK (PRIVACY),hardware-and-others,https://www.wokintools.com/wp-content/uploads/2025/07/CYLINDER-TYPE-SPHERICAL-DOOR-LOCK-1.jpg
665321,CYLINDRICAL KNOB LOCK,hardware-and-others,https://www.wokintools.com/wp-content/uploads/2025/07/CYLINDER-TYPE-SPHERICAL-DOOR-LOCK.jpg
665311,SINGLE CYLINDER DEADBOLT,hardware-and-others,https://www.wokintools.com/wp-content/uploads/2025/07/SINGLE-DEADBOLT-DOOR-KNOB.jpg
776701,NON-WOVEN ABRASIVE ROUND DISC,power-tools-accessories,https://www.wokintools.com/wp-content/uploads/2025/07/NON-WOVEN-ABRASIVE-ROUND-DISC.jpg
772311,BLACK DIAMOND POLISHING DISC,power-tools-accessories,https://www.wokintools.com/wp-content/uploads/2025/07/BLACK-DIAMOND-POLISHING-DISC.jpg
757904,BRAZED GLASS CUTTING DISC,power-tools-accessories,https://www.wokintools.com/wp-content/uploads/2025/07/BRAZED-GLASS-CUTTING-DISC.jpg
776502,FIBER GRINDING DISCS ALUMINUM OXIDE,power-tools-accessories,https://www.wokintools.com/wp-content/uploads/2025/07/FIBER-GRINDING-DISCS-ALUMINUM-OXIDE.jpg
776601,FIBER GRINDING DISCS ALUMINUM OXIDE,power-tools-accessories,https://www.wokintools.com/wp-content/uploads/2025/07/FIBER-GRINDING-DISCS-ALUMINUM-OXIDE-1.jpg
693201,ALUMINUM CABLE CLIPS,automotive-tools,https://www.wokintools.com/wp-content/uploads/2025/07/ALUMINUM-CABLE-CLIPS.jpg
693103,GALVANIZED WIRE ROPE CLIPS (AMERICAN TYPE ),automotive-tools,https://www.wokintools.com/wp-content/uploads/2025/07/GALVANIZED-WIRE-ROPE-CLIPS.jpg
509510,BATTERY TESTER,automotive-tools,https://www.wokintools.com/wp-content/uploads/2025/07/BATTERY-TESTER.jpg
509520,DIGITAL BATTERY TESTER,automotive-tools,https://www.wokintools.com/wp-content/uploads/2025/07/DIGITAL-BATTERY-TESTER.jpg
732314,14PCS WATER TANK LEAKAGE DETECTOR,automotive-tools,https://www.wokintools.com/wp-content/uploads/2025/07/14PCS-WATER-TANK-LEAKAGE-DETECTOR.jpg
739011,FUEL INJECTION PRESSURE TEST SET,automotive-tools,https://www.wokintools.com/wp-content/uploads/2025/07/FUEL-INJECTION-PRESSURE-TEST-SET.jpg
721250,5PCS BALL HEAD REMOVAL SET,automotive-tools,https://www.wokintools.com/wp-content/uploads/2025/07/5PCS-BALL-HEAD-REMOVAL-SET.jpg
589730,AUTOMATIC WELDING MASK,welding-tools,https://www.wokintools.com/wp-content/uploads/2025/07/AUTOMATIC-WELDING-MASK.jpg
742908,OIL DRAIN PAN,automotive-tools,https://www.wokintools.com/wp-content/uploads/2025/07/OIL-DRAIN-PAN.jpg
812908,AIRBRUSH KIT,hardware-and-others,https://www.wokintools.com/wp-content/uploads/2025/07/AIRBRUSH-KIT.jpg
557122,SPT POWER WIRE,hardware-and-others,https://www.wokintools.com/wp-content/uploads/2025/06/SPT-POWER-WIRE.jpg
557011,THWN WIRE FOR CONSTRUCTION BUILDING,hardware-and-others,https://www.wokintools.com/wp-content/uploads/2025/06/THWN-WIRE-FOR-CONSTRUCTION-BUILDING.jpg
799315,ELECTRIC TILTING DRUM CONCRETE MIXER,construction-equipment|power-tools,https://www.wokintools.com/wp-content/uploads/2025/06/ELECTRIC-TILTING-DRUM-CONCRETE-MIXER.jpg
799305,DIESEL TILTING DRUM CONCRETE MIXER,construction-equipment,https://www.wokintools.com/wp-content/uploads/2025/06/DIESEL-TILTING-DRUM-CONCRETE-MIXER.jpg
728350,AIR OPERATED CONTINUOUS FLOW GREASE GUN,pneumatic-tools,https://www.wokintools.com/wp-content/uploads/2025/06/AIR-OPERATED-CONTINUOUS-FLOW-GREASE-GUN.jpg
553210,10&#8243; RATCHET CABLE CUTTER,electrical-tools,https://www.wokintools.com/wp-content/uploads/2025/06/RATCHET-CABLE-CUTTER.jpg
553830,30&#8243; MULTI-FUNCTION CRIMPING PLIERS,electrical-tools,https://www.wokintools.com/wp-content/uploads/2025/06/MULTI-FUNCTION-CRIMPING-PLIERS-1.jpg
553824,24&#8243; MULTI-FUNCTION CRIMPING PLIERS,electrical-tools,https://www.wokintools.com/wp-content/uploads/2025/06/MULTI-FUNCTION-CRIMPING-PLIERS.jpg
301510,SAFETY BOX CUTTER,cutting-tools,https://www.wokintools.com/wp-content/uploads/2025/06/SAFETY-BOX-CUTTER.jpg
726916,DIAL TIRE PRESSURE GAUGE,automotive-tools,https://www.wokintools.com/wp-content/uploads/2025/06/DIAL-TIRE-PRESSURE-GAUGE.jpg
108210,THREE LEG OIL FILTER WRENCH,automotive-tools,https://www.wokintools.com/wp-content/uploads/2025/06/THREE-LEG-OIL-FILTER-WRENCH.jpg
721407,DISC BRAKE PISTON SPREADER,automotive-tools,https://www.wokintools.com/wp-content/uploads/2025/06/DISC-BRAKE-PISTON-SPREADER.jpg
721330,UNIVERSAL BALL JOINT SEPARATOR,automotive-tools,https://www.wokintools.com/wp-content/uploads/2025/06/UNIVERSAL-BALL-JOINT-SEPARATOR-2.jpg
721320,BALL JOINT SEPARATOR,automotive-tools,https://www.wokintools.com/wp-content/uploads/2025/06/BALL-JOINT-SEPARATOR.jpg
721202,UNIVERSAL BALL JOINT SEPARATOR,automotive-tools,https://www.wokintools.com/wp-content/uploads/2025/06/UNIVERSAL-BALL-JOINT-SEPARATOR-1.jpg
721110,UNIVERSAL BALL JOINT SEPARATOR,automotive-tools,https://www.wokintools.com/wp-content/uploads/2025/06/UNIVERSAL-BALL-JOINT-SEPARATOR.jpg
721030,BIG MOUTH CLAMP,automotive-tools,https://www.wokintools.com/wp-content/uploads/2025/06/BIG-MOUTH-CLAMP.jpg
721050,THIN EDGE MOUTH CLAMP,automotive-tools,https://www.wokintools.com/wp-content/uploads/2025/06/THIN-EDGE-MOUTH-CLAMP.jpg
732415,SMALL MOUTH PULL CLAMP (TWO-WAY),automotive-tools,https://www.wokintools.com/wp-content/uploads/2025/06/SMALL-MOUTH-PULL-CLAMP-TWO-WAY.jpg
732405,BIG MOUTH CLAMP (TWO-WAY),automotive-tools,https://www.wokintools.com/wp-content/uploads/2025/06/BIG-MOUTH-CLAMP-TWO-WAY.jpg
901013,132PCS TOOL CHEST SET (INDUSTRIAL),tool-sets,https://www.wokintools.com/wp-content/uploads/2025/06/132PCS-TOOL-CHEST-SET.jpg
737307,PORTABLE HYDRAULIC BODY REPAIR RAM KIT,automotive-tools,https://www.wokintools.com/wp-content/uploads/2025/06/PORTABLE-HYDRAULIC-BODY-REPAIR-RAM-KIT.jpg
901354,4PCS IRON TOOL BOXES SET,tool-bag-and-storage,https://www.wokintools.com/wp-content/uploads/2025/06/4PCS-IRON-TOOL-BOXES-SET.jpg
453952,REFLECTOR VEST,ppe,https://www.wokintools.com/wp-content/uploads/2025/06/REFLECTOR-VEST-2.jpg
453932,REFLECTOR VEST,ppe,https://www.wokintools.com/wp-content/uploads/2025/06/REFLECTOR-VEST-1.jpg
453912,REFLECTOR VEST,ppe,https://www.wokintools.com/wp-content/uploads/2025/06/REFLECTOR-VEST.jpg
,FLUORESCENT SPRAY PAINT,hardware-and-others,https://www.wokintools.com/wp-content/uploads/2025/06/FLUORESCENT-SPRAY-PAINT.jpg
,METALLIC SPRAY PAINT,hardware-and-others,https://www.wokintools.com/wp-content/uploads/2025/06/METALLIC-SPRAY-PAINT.jpg
,ELECTRIPLATING SPRAY PAINT,hardware-and-others,https://www.wokintools.com/wp-content/uploads/2025/06/ELECTRIPLATING-SPRAY-PAINT.jpg
,NORMAL SPRAY PAINT,hardware-and-others,https://www.wokintools.com/wp-content/uploads/2025/06/NORMAL-SPRAY-PAINT.jpg
460907,ANTI RUST SPRAY,hardware-and-others,https://www.wokintools.com/wp-content/uploads/2025/06/ANTI-RUST-SPRAY.jpg
460701,CARBURETOR CLEANER,hardware-and-others,https://www.wokintools.com/wp-content/uploads/2025/06/CARBURETOR-CLEANER.jpg
363120,POLYURETHANE CONSTRUCTION ADHESIVE SEALANT,hardware-and-others,https://www.wokintools.com/wp-content/uploads/2025/06/POLYURETHANE-CONSTRUCTION-ADHESIVE-SEALANT.jpg
363010,NEUTRAL SILICONE SEALANT,hardware-and-others,https://www.wokintools.com/wp-content/uploads/2025/06/NEUTRAL-SILICONE-SEALANT.jpg
363210,MS POLYMER HIGH TACK,hardware-and-others,https://www.wokintools.com/wp-content/uploads/2025/05/MS-POLYMER-HIGH-TACK.jpg
363110,POLYURETHANE WINDSHIELD ADHESIVE SEALANT,hardware-and-others,https://www.wokintools.com/wp-content/uploads/2025/05/POLYURETHANE-WINDSHIELD-ADHESIVE-SEALANT.jpg
362810,ACETIC SILICONE SEALANT,hardware-and-others,https://www.wokintools.com/wp-content/uploads/2025/06/ACETIC-SILICONE-SEALANT.jpg
620106,20V LI-ION BRUSHLESS CORDLESS IMPACT DRILL (INDUSTRIAL),20v-lithium-ion-platform,https://www.wokintools.com/wp-content/uploads/2025/06/wokin-20v-brushless-cordless-impact-drill-2ah-batteries-kit.jpg
622010,20V LI-ION CORDLESS DRILL,20v-lithium-ion-platform,https://www.wokintools.com/wp-content/uploads/2025/06/20V-CORDLESS-DRILL.jpg
156914,142PCS SOCKET AND TOOL SET (INDUSTRIAL),tool-sets,https://www.wokintools.com/wp-content/uploads/2025/06/wokin-142pcs-socket-and-tool-set.jpg
579114,MACHETE,garden-tools,https://www.wokintools.com/wp-content/uploads/2024/10/MACHETE.jpg
857216,15A HIGH PRESSURE WASHER (INDUSTRIAL) (SPECIALLY FOR 110-120V MARKET),power-tools-110-120v-market,https://www.wokintools.com/wp-content/uploads/2025/07/15A-HIGH-PRESSURE-WASHER.jpg
456202,DUST MASK WITH VALVE (INDUSTRIAL),ppe,https://www.wokintools.com/wp-content/uploads/2025/01/DUST-MASK-WITH-VALVE.jpg
456101,3PCS DUST MASK SET (INDUSTRIAL),ppe,https://www.wokintools.com/wp-content/uploads/2025/02/3PCS-DUST-MASK-SET.jpg
960780,LED BILLBOARD,merchandising-and-promotional,https://www.wokintools.com/wp-content/uploads/2025/09/LED-BILLBOARD.jpg
812715,AIR TIRE CHUCK,automotive-tools,https://www.wokintools.com/wp-content/uploads/2025/07/AIR-TIRE-CHUCK.jpg
334220,20PCS TAP &#038; DIE SET,plumbing-tools,https://www.wokintools.com/wp-content/uploads/2024/03/20PCS-TAP-DIE-SET.jpg
334108,8PCS METRIC DIE SET,plumbing-tools,https://www.wokintools.com/wp-content/uploads/2024/02/8PCS-METRIC-DIE-SET.jpg
334008,8PCS METRIC TAP SET,plumbing-tools,https://www.wokintools.com/wp-content/uploads/2024/03/8PCS-METRIC-TAP-SET.jpg
256306,6&#8243; AUTOMATIC CENTER PUNCH,striking-tools,https://www.wokintools.com/wp-content/uploads/2024/10/AUTOMATIC-CENTER-PUNCH.jpg
256212,12PCS CHISEL &#038; PUNCH SET (INDUSTRIAL),striking-tools,https://www.wokintools.com/wp-content/uploads/2024/02/12PCS-CHISEL-PUNCH-SET.jpg
256006,6PCS PIN PUNCH SET,striking-tools,https://www.wokintools.com/wp-content/uploads/2024/10/6PCS-PIN-PUNCH-SET.jpg
204113,14PCS IMPACT SCREWDRIVER SET (INDUSTRIAL),fastening-tools,https://www.wokintools.com/wp-content/uploads/2024/10/14PCS-IMPACT-SCREWDRIVER-SET.jpg
688003,3T PALLET TRUCK,lifting-and-handing-equipment,https://www.wokintools.com/wp-content/uploads/2024/11/3T-PALLET-TRUCK.jpg
688002,2.5T PALLET TRUCK,lifting-and-handing-equipment,https://www.wokintools.com/wp-content/uploads/2024/11/2.5T-PALLET-TRUCK.jpg
629050,5.0Ah LI-ION BATTERY PACK,20v-lithium-ion-platform,https://www.wokintools.com/wp-content/uploads/2024/07/5.0Ah-LI-ION-BATTERY-PACK.jpg
951010,ROTATING DISPLAY STAND,tool-bag-and-storage,https://www.wokintools.com/wp-content/uploads/2025/03/DISPLAY-STAND.jpg
556402,3 OUTLET EXTENSION CORD (SPECIALLY FOR 110-120V MARKET),hardware-and-others,https://www.wokintools.com/wp-content/uploads/2024/10/3-OUTLET-EXTENSION-CORD.jpg
572111,HOSE CONNECTOR WITH WATER STOP,garden-tools,https://www.wokintools.com/wp-content/uploads/2024/07/HOSE-CONNECTOR-WITH-WATER-STOP.jpg
736735,3.5T LOW PROFILE TROLLEY JACK (INDUSTRIAL),automotive-tools,https://www.wokintools.com/wp-content/uploads/2024/10/3.5T-LOW-PROFILE-TROLLEY-JACK.jpg
251258,8OZ CLAW HAMMER,striking-tools,https://www.wokintools.com/wp-content/uploads/2024/10/8OZ-CLAW-HAMMER.jpg
451810,NITRILE GLOVES,ppe,https://www.wokintools.com/wp-content/uploads/2024/10/NITRILE-GLOVES.jpg
788702,200W PALM DETAIL SANDER,power-tools,https://www.wokintools.com/wp-content/uploads/2024/10/200W-PALM-DETAIL-SANDER.jpg
790431,SUBMERSIBLE CLEAN WATER PUMP,power-tools,https://www.wokintools.com/wp-content/uploads/2025/03/SUBMERSIBLE-CLEAN-WATER-PUMP.jpg
738401,CHAIN BLOCK (INDUSTRIAL),lifting-and-handing-equipment,https://www.wokintools.com/wp-content/uploads/2023/11/CHAIN-BLOCK.jpg
764803,4 INCH FLEXIBLE DIAMOND POLISHING PADS,power-tools-accessories,https://www.wokintools.com/wp-content/uploads/2023/10/4-INCH-FLEXIBLE-DIAMOND-POLISHING-PADS.jpg
855914,12A ANGLE POLISHER (INDUSTRIAL) (SPECIALLY FOR 110-120V MARKET),power-tools-110-120v-market,https://www.wokintools.com/wp-content/uploads/2024/10/12A-ANGLE-POLISHER.jpg
788513,220W 1/3 SHEET FINISHING SANDER,power-tools,https://www.wokintools.com/wp-content/uploads/2024/12/FINISHING-SANDER.jpg
797550,1010W IMPACT WRENCH,power-tools,https://www.wokintools.com/wp-content/uploads/2024/02/1010W-IMPACT-WRENCH.jpg
453202,WORKWEAR VEST (INDUSTRIAL),ppe,https://www.wokintools.com/wp-content/uploads/2024/10/WORKWEAR-VEST.jpg
452602,WORKING OVERALLS (INDUSTRIAL),ppe,https://www.wokintools.com/wp-content/uploads/2024/10/WORKING-OVERALLS.jpg
152930,1/2&#8243; DRIVE BEAM TORQUE WRENCH,mechanics-tools,https://www.wokintools.com/wp-content/uploads/2024/03/BEAM-TORQUE-WRENCH.jpg
738511,LOAD SLINGS,lifting-and-handing-equipment,https://www.wokintools.com/wp-content/uploads/2024/10/LOAD-SLINGS.jpg
795532,2000W 12&#8243; SLIDING MITER SAW (INDUSTRIAL),power-tools,https://www.wokintools.com/wp-content/uploads/2024/10/SLIDING-MITER-SAW.jpg
795530,1800W 10&#8243; SLIDING MITER SAW (INDUSTRIAL),power-tools,https://www.wokintools.com/wp-content/uploads/2024/10/10-SLIDING-MITER-SAW.jpg
205513,13PCS INSULATED CHANGEABLE SCREWDRIVER SET (PREMIUM),electrical-tools,https://www.wokintools.com/wp-content/uploads/2023/12/13PCS-INSULATED-CHANGEABLE-SCREWDRIVER-SET.jpg
851512,10A ANGLE GRINDER (INDUSTRIAL) (SPECIALLY FOR 110-120V MARKET),power-tools-110-120v-market,https://www.wokintools.com/wp-content/uploads/2024/10/10A-ANGLE-GRINDER.jpg
661020,MOTORCYCLE LOCK (INDUSTRIAL),hardware-and-others,https://www.wokintools.com/wp-content/uploads/2024/02/MOTORCYCLE-LOCK.jpg
661012,BICYCLE LOCK (INDUSTRIAL),hardware-and-others,https://www.wokintools.com/wp-content/uploads/2024/10/BICYCLE-LOCK.jpg
776404,3PCS SANDING BELT SET,power-tools-accessories,https://www.wokintools.com/wp-content/uploads/2024/03/3PCS-SANDING-BELT-SET.jpg
601140,TWIN-BEAM SENSOR HEADLAMP (INDUSTRIAL),lighting-tools,https://www.wokintools.com/wp-content/uploads/2024/10/TWIN-BEAM-SENSOR-HEADLAMP.jpg
854765,5.5A LAMINATE TRIMMER (INDUSTRIAL) (SPECIALLY FOR 110-120V MARKET),power-tools-110-120v-market,https://www.wokintools.com/wp-content/uploads/2023/10/5.5A-LAMINATE-TRIMMER.jpg
831415,3HP AIR COMPRESSOR (INDUSTRIAL) (SPECIALLY FOR 110-120V MARKET),pneumatic-tools,https://www.wokintools.com/wp-content/uploads/2024/10/3HP-AIR-COMPRESSOR.jpg
856355,4.5A DRILL PRESS (INDUSTRIAL) (SPECIALLY FOR 110-120V MARKET),power-tools-110-120v-market,https://www.wokintools.com/wp-content/uploads/2024/10/4.5A-DRILL-PRESS.jpg
856335,3A DRILL PRESS (SPECIALLY FOR 110-120V MARKET),power-tools-110-120v-market,https://www.wokintools.com/wp-content/uploads/2024/10/3A-DRILL-PRESS.jpg
851720,16.5A ANGLE GRINDER (SPECIALLY FOR 110-120V MARKET),power-tools-110-120v-market,https://www.wokintools.com/wp-content/uploads/2024/10/16.5A-ANGLE-GRINDER.jpg
831512,100L SILENT AND OIL FREE AIR COMPRESSOR (INDUSTRIAL),pneumatic-tools,https://www.wokintools.com/wp-content/uploads/2024/06/100L-SILENT-AND-OIL-FREE-AIR-COMPRESSOR.jpg
831552,50L SILENT AND OIL FREE AIR COMPRESSOR (INDUSTRIAL),pneumatic-tools,https://www.wokintools.com/wp-content/uploads/2024/06/50L-SILENT-AND-OIL-FREE-AIR-COMPRESSOR.jpg
553112,CRIMPING PLIERS SET,electrical-tools,https://www.wokintools.com/wp-content/uploads/2024/08/CRIMPING-PLIERS-SET.jpg
569961,68PCS DIPPED INSULATED TOOL SET (PREMIUM),insulated-tools,https://www.wokintools.com/wp-content/uploads/2024/10/68PCS-DIPPED-INSULATED-TOOL-SET.jpg
626022,20V LI-ION CORDLESS INFLATOR,20v-lithium-ion-platform,https://www.wokintools.com/wp-content/uploads/2024/08/CORDLESS-AUTO-AIR-COMPRESSOR.jpg
507712,3D LASER LEVEL,painting-and-masonry-tools,https://www.wokintools.com/wp-content/uploads/2024/10/3D-LASER-LEVEL.jpg
106150,360° SWIVEL MULTI-PURPOSE BENCH VISE (INDUSTRIAL),holding-tools,https://www.wokintools.com/wp-content/uploads/2024/10/360°-SWIVEL-MULTI-PURPOSE-BENCH-VISE.jpg
786450,550W STRAIGHT GRINDER (INDUSTRIAL),power-tools,https://www.wokintools.com/wp-content/uploads/2024/10/550W-DIE-GRINDER.jpg
790215,2HP CENTRIFUGAL PUMP,power-tools,https://www.wokintools.com/wp-content/uploads/2024/07/2HP-CENTRIFUGAL-PUMP.jpg
569967,69PCS DIPPED INSULATED TOOL TROLLEY SET (PREMIUM),insulated-tools,https://www.wokintools.com/wp-content/uploads/2024/10/69PCS-DIPPED-INSULATED-TOOL-TROLLEY-SET.jpg
159720,285PCS ROLLER CABINET TOOLS SET (INDUSTRIAL),tool-sets,https://www.wokintools.com/wp-content/uploads/2024/09/285PCS-ROLLER-CABINET-TOOLS-SET.jpg
159710,269PCS ROLLER CABINET TOOLS SET (INDUSTRIAL),tool-sets,https://www.wokintools.com/wp-content/uploads/2024/10/269PCS-ROLLER-CABINET-TOOLS-SET.jpg
901601,7 DRAWER ROLLER CABINET (INDUSTRIAL),tool-bag-and-storage,https://www.wokintools.com/wp-content/uploads/2024/10/7-DRAWER-ROLLER-CABINET-1.jpg
791363,3700W SILENT INVERTER GENERATOR,generators,https://www.wokintools.com/wp-content/uploads/2024/10/3700W-SILENT-INVERTER-GENERATOR-1.jpg
791361,SILENT INVERTER GENERATOR,generators,https://www.wokintools.com/wp-content/uploads/2024/10/SILENT-INVERTER-GENERATOR-1.jpg
574608,MAGIC EXPANDABLE GARDEN HOSE,garden-tools,https://www.wokintools.com/wp-content/uploads/2024/06/MAGIC-EXPANDABLE-GARDEN-HOSE.jpg
158520,3/4&#8243; DR. RATCHET HANDLE (INDUSTRIAL),mechanics-tools,https://www.wokintools.com/wp-content/uploads/2024/06/RATCHET-HANDLE.jpg
152005,5PCS C TYPE DOUBLE RING SPANNERS SET,mechanics-tools,https://www.wokintools.com/wp-content/uploads/2024/07/5PCS-C-TYPE-DOUBLE-RING-SPANNERS-SET.jpg
331210,10PCS FLARING TOOL SET,plumbing-tools,https://www.wokintools.com/wp-content/uploads/2024/06/10PCS-FLARING-TOOL-SET.jpg
331207,7PCS FLARING TOOL SET,plumbing-tools,https://www.wokintools.com/wp-content/uploads/2024/06/7PCS-FLARING-TOOL-SET.jpg
257012,12PCS BELT HOLLOW PUNCH SET,striking-tools,https://www.wokintools.com/wp-content/uploads/2024/04/12PCS-BELT-HOLLOW-PUNCH-SET.jpg
507007,7&#8243; QUICK SQUARE,measuring-tools,https://www.wokintools.com/wp-content/uploads/2024/04/QUICK-SQUARE.jpg
501912,12&#8243; COMBINATION SQUARE (INDUSTRIAL),measuring-tools,https://www.wokintools.com/wp-content/uploads/2024/04/COMBINATION-SQUARE.jpg
501420,8&#8243; ADJUSTABLE BEVEL (INDUSTRIAL),measuring-tools,https://www.wokintools.com/wp-content/uploads/2024/04/ADJUSTABLE-BEVEL.jpg
159112,1/2&#8243; DR. BIT SOCKET (INDUSTRIAL),mechanics-tools,https://www.wokintools.com/wp-content/uploads/2024/10/BIT-SOCKET-2.jpg
159003,1/2&#8243; DR. BIT SOCKET (INDUSTRIAL),mechanics-tools,https://www.wokintools.com/wp-content/uploads/2024/10/BIT-SOCKET.jpg
159055,1/2&#8243; DR. BIT SOCKET (INDUSTRIAL),mechanics-tools,https://www.wokintools.com/wp-content/uploads/2024/10/BIT-SOCKET-1.jpg
753820,HEX FLAT CHISEL (INDUSTRIAL),power-tools-accessories,https://www.wokintools.com/wp-content/uploads/2023/12/HEX-FLAT-CHISEL.jpg
753800,HEX POINT CHISEL (INDUSTRIAL),power-tools-accessories,https://www.wokintools.com/wp-content/uploads/2023/12/HEX-POINT-CHISEL.jpg
581522,INVERTER MIG WELDING MACHINE (INDUSTRIAL),welding-tools,https://www.wokintools.com/wp-content/uploads/2024/10/INVERTER-MIG-WELDING-MACHINE.jpg
207132,32PCS PRECISION TOOL SET (INDUSTRIAL),fastening-tools,https://www.wokintools.com/wp-content/uploads/2024/10/32PCS-PRECISION-TOOL-SET.jpg
574110,MINI GARDEN HOSE REEL SET,garden-tools,https://www.wokintools.com/wp-content/uploads/2023/10/MINI-GARDEN-HOSE-REEL-SET.jpg
734020,DC 12V AIR COMPRESSOR TIRE INFLATOR (INDUSTRIAL),automotive-tools,https://www.wokintools.com/wp-content/uploads/2024/09/DC-12V-AIR-COMPRESSOR-TIRE-INFLATOR.jpg
656052,98° SOFT CLOSE HINGE WITH ADJUSTMENT,hardware-and-others,https://www.wokintools.com/wp-content/uploads/2024/04/SOFT-CLOSE-HINGE-WITH-ADJUSTMENT.jpg
656032,98° SOFT CLOSE HINGE,hardware-and-others,https://www.wokintools.com/wp-content/uploads/2024/04/SOFT-CLOSE-HINGE.jpg
656012,110° NORMAL HINGE,hardware-and-others,https://www.wokintools.com/wp-content/uploads/2024/04/NORMAL-HINGE.jpg
654410,DOUBLE SIDED MOUNTING TAPE (INDUSTRIAL),hardware-and-others,https://www.wokintools.com/wp-content/uploads/2024/09/DOUBLE-SIDED-MOUNTING-TAPE.jpg
300610,SNAP-OFF BLADE KNIFE (INDUSTRIAL),cutting-tools,https://www.wokintools.com/wp-content/uploads/2024/04/SNAP-OFF-BLADE-KNIFE.jpg
738207,LEVER BLOCK CHAIN HOISTS (INDUSTRIAL),lifting-and-handing-equipment,https://www.wokintools.com/wp-content/uploads/2023/10/LEVER-BLOCK-CHAIN-HOISTS-1.jpg
312303,3PCS TREE AND SHRUB CARE SET,garden-tools,https://www.wokintools.com/wp-content/uploads/2024/08/3PCS-TREE-AND-SHRUB-CARE-SET.jpg
793620,PETROL LAWN MOWER (INDUSTRIAL),garden-tools,https://www.wokintools.com/wp-content/uploads/2023/09/PETROL-LAWN-MOWER.jpg
350204,4PCS WALL SCRAPER SET,painting-and-masonry-tools,https://www.wokintools.com/wp-content/uploads/2023/09/4PCS-WALL-SCRAPER-SET.jpg
571810,OSCILLATING SPRINKLER,garden-tools,https://www.wokintools.com/wp-content/uploads/2023/10/OSCILLATING-SPRINKLER.jpg
500913,STEEL MEASURING TAPE (INDUSTRIAL),measuring-tools,https://www.wokintools.com/wp-content/uploads/2023/09/STEEL-MEASURING-TAPE.jpg
215613,13&#8243; HAND RIVETER (INDUSTRIAL),fastening-tools,https://www.wokintools.com/wp-content/uploads/2023/09/13-INCH-HAND-RIVETER.jpg
302812,12&#8243; AVIATION SNIPS (INDUSTRIAL),cutting-tools,https://www.wokintools.com/wp-content/uploads/2023/10/12-INCH-AVIATION-SNIPS.jpg
794018,1800W HIGH PRESSURE WASHER (INDUSTRIAL),power-tools,https://www.wokintools.com/wp-content/uploads/2024/04/1800W-HIGH-PRESSURE-WASHER.jpg
785218,2000W HOT AIR GUN (INDUSTRIAL),power-tools,https://www.wokintools.com/wp-content/uploads/2023/12/2000W-HOT-AIR-GUN.jpg
805120,3/4” DRIVE AIR IMPACT WRENCH (INDUSTRIAL),pneumatic-tools,https://www.wokintools.com/wp-content/uploads/2024/01/AIR-IMPACT-WRENCH.jpg
357312,1200MM HEAVY DUTY TILE CUTTER (INDUSTRIAL),painting-and-masonry-tools,https://www.wokintools.com/wp-content/uploads/2023/09/HEAVY-DUTY-TILE-CUTTER.jpg
254206,WOOD CHISEL (INDUSTRIAL),striking-tools,https://www.wokintools.com/wp-content/uploads/2023/09/WOOD-CHISEL.jpg
780160,16.8V CORDLESS PRESSURE WASHER (INDUSTRIAL),cordless-tools,https://www.wokintools.com/wp-content/uploads/2023/09/16.8V-CORDLESS-PRESSURE-WASHER.jpg
854588,7.3A DRYWALL SANDER (INDUSTRIAL) (SPECIALLY FOR 110-120V MARKET),power-tools-110-120v-market,https://www.wokintools.com/wp-content/uploads/2023/10/7.3A-DRYWALL-SANDER.jpg
313013,TELESCOPIC POLE FRUIT PICKER,garden-tools,https://www.wokintools.com/wp-content/uploads/2024/10/TELESCOPIC-POLE-FRUIT-PICKER.jpg
604424,PICK UP TOOL WITH CLAW &#038; LED LIGHT (INDUSTRIAL),automotive-tools,https://www.wokintools.com/wp-content/uploads/2024/09/PICK-UP-TOOL-WITH-CLAW-LED-LIGHT.jpg
795915,VIBRATOR POKER FOR CONCRETE VIBRATOR,power-tools,https://www.wokintools.com/wp-content/uploads/2024/10/VIBRATOR-POKER-FOR-CONCRETE-VIBRATOR.jpg
305030,10.5&#8243; MINI HACKSAW,cutting-tools,https://www.wokintools.com/wp-content/uploads/2024/04/MINI-HACKSAW.jpg
312028,8&#8243; BYPASS PATTERN PRUNING SHEARS,garden-tools,https://www.wokintools.com/wp-content/uploads/2024/10/BYPASS-PATTERN-PRUNING-SHEARS.jpg
506520,SPRING TABLE SCALE,measuring-tools,https://www.wokintools.com/wp-content/uploads/2024/10/SPRING-TABLE-SCALE.jpg
805040,ULTRA COMPACT ANGLE IMPACT WRENCH (INDUSTRIAL),pneumatic-tools,https://www.wokintools.com/wp-content/uploads/2024/03/ULTRA-COMPACT-ANGLE-IMPACT-WRENCH.jpg
756706,6PCS HOLE SAW SET,power-tools-accessories,https://www.wokintools.com/wp-content/uploads/2024/02/6PCS-HOLE-SAW-SET.jpg
204044,4PCS MINI PICK AND HOOK SET,fastening-tools,https://www.wokintools.com/wp-content/uploads/2024/01/4PCS-MINI-PICK-AND-HOOK-SET.jpg
757402,WET DIAMOND CORE BIT,power-tools|power-tools-accessories,https://www.wokintools.com/wp-content/uploads/2024/10/WET-DIAMOND-CORE-BIT.jpg
155153,53PCS 1/4&#8243; DRIVE SOCKET SET (INDUSTRIAL),tool-sets,https://www.wokintools.com/wp-content/uploads/2024/05/wokin-53pcs-1-4-drive-socket-set.jpg
359506,DRYWALL TAPING KNIFE (INDUSTRIAL),painting-and-masonry-tools,https://www.wokintools.com/wp-content/uploads/2023/09/DRYWALL-TAPING-KNIFE-1.jpg
331202,PIPE FLARING TOOL,plumbing-tools,https://www.wokintools.com/wp-content/uploads/2023/09/PIPE-FLARING-TOOL.jpg
787320,2000W CIRCULAR SAW,power-tools,https://www.wokintools.com/wp-content/uploads/2024/04/2000W-CIRCULAR-SAW.jpg
234422,1&#8243; DRIVE IMPACT L HANDLE (INDUSTRIAL),mechanics-tools,https://www.wokintools.com/wp-content/uploads/2025/04/1-INCH-DRIVE-IMPACT-L-HANDLE.jpg
623512,20V LI-ION CORDLESS ROTARY HAMMER,20v-lithium-ion-platform,https://www.wokintools.com/wp-content/uploads/2023/09/20V-LI-ION-CORDLESS-ROTARY-HAMMER.jpg
797004,41.5CC GASOLINE BACKPACK SPRAYER (INDUSTRIAL),garden-tools,https://www.wokintools.com/wp-content/uploads/2023/10/41.5CC-GASOLINE-BACKPACK-SPRAYER.jpg
793825,25.4CC GASOLINE BLOWER (INDUSTRIAL),garden-tools,https://www.wokintools.com/wp-content/uploads/2023/10/25.4CC-GASOLINE-BLOWER.jpg
793863,63.3CC BACKPACK GASOLINE BLOWER (INDUSTRIAL),garden-tools,https://www.wokintools.com/wp-content/uploads/2023/10/63.3CC-BACKPACK-GASOLINE-BLOWER.jpg
109331,11&#8243; 90° BENT LONG NOSE PLIERS,holding-tools,https://www.wokintools.com/wp-content/uploads/2023/09/11-INCH-90-DEGREE-BENT-LONG-NOSE-PLIERS.jpg
109321,11&#8243; 45° BENT LONG NOSE PLIERS,holding-tools,https://www.wokintools.com/wp-content/uploads/2023/09/11-INCH-45-DEGREE-BENT-LONG-NOSE-PLIERS.jpg
109311,11&#8243; STRAIGHT LONG NOSE PLIERS,holding-tools,https://www.wokintools.com/wp-content/uploads/2023/09/11-INCH-STRAIGHT-LONG-NOSE-PLIERS.jpg
201653,GO-THROUGH SCREWDRIVER (INDUSTRIAL),fastening-tools,https://www.wokintools.com/wp-content/uploads/2023/09/GO-THROUGH-SCREWDRIVER-1.jpg
201553,GO-THROUGH SCREWDRIVER (INDUSTRIAL),fastening-tools,https://www.wokintools.com/wp-content/uploads/2023/09/GO-THROUGH-SCREWDRIVER.jpg
797430,3000W WET DIAMOND CORE DRILL (INDUSTRIAL),power-tools,https://www.wokintools.com/wp-content/uploads/2023/12/3000W-WET-DIAMOND-CORE-DRILL.jpg
310107,14&#8243; PRUNING SAW,garden-tools,https://www.wokintools.com/wp-content/uploads/2024/04/14-INCH-PRUNING-SAW.jpg
305701,12&#8243; HACKSAW BLADE,cutting-tools,https://www.wokintools.com/wp-content/uploads/2023/09/12-INCH-HACKSAW-BLADE.jpg
858650,5000W DIESEL WELDING GENERATOR (INDUSTRIAL) (SPECIALLY FOR 110-120V MARKET),generators,https://www.wokintools.com/wp-content/uploads/2024/03/5000W-DIESEL-WELDING-GENERATOR.jpg
756903,3PCS LOCK INSTALLATION HOLE SAW SET,power-tools-accessories,https://www.wokintools.com/wp-content/uploads/2023/10/3PCS-LOCK-INSTALLATION-HOLE-SAW-SET.jpg
853750,4.5A DIE GRINDER (SPECIALLY FOR 110-120V MARKET),power-tools-110-120v-market,https://www.wokintools.com/wp-content/uploads/2023/10/DIE-GRINDER.jpg
858155,5500W GASOLINE GENERATOR (INDUSTRIAL) (SPECIALLY FOR 110-120V MARKET),generators,https://www.wokintools.com/wp-content/uploads/2023/10/5500W-GASOLINE-GENERATOR-1.jpg
858180,8000W GASOLINE GENERATOR (INDUSTRIAL) (SPECIALLY FOR 110-120V MARKET),generators,https://www.wokintools.com/wp-content/uploads/2023/10/8000W-GASOLINE-GENERATOR-1.jpg
858130,3000W GASOLINE GENERATOR (INDUSTRIAL) (SPECIALLY FOR 110-120V MARKET),generators,https://www.wokintools.com/wp-content/uploads/2023/10/3000W-GASOLINE-GENERATOR.webp
794417,PETROL PRESSURE WASHER (INDUSTRIAL),power-tools|power-tools-110-120v-market,https://www.wokintools.com/wp-content/uploads/2024/09/PETROL-PRESSURE-WASHER.jpg
154310,1/2&#8243; SQ DR.OFFSET HANDLE,mechanics-tools,https://www.wokintools.com/wp-content/uploads/2023/09/12-SQ-DR.OFFSET-HANDLE.jpg
312130,30&#8243; BYPASS LOPPER (INDUSTRIAL),garden-tools,https://www.wokintools.com/wp-content/uploads/2023/10/30-INCH-BYPASS-LOPPER.jpg
784930,3000W ANGLE GRINDER (INDUSTRIAL),power-tools,https://www.wokintools.com/wp-content/uploads/2023/10/3000W-ANGLE-GRINDER.jpg
854409,7.5A ELECTRIC PLANER (SPECIALLY FOR 110-120V MARKET),power-tools-110-120v-market,https://www.wokintools.com/wp-content/uploads/2023/10/7.5A-ELECTRIC-PLANER.jpg
628310,20V LI-ION CORDLESS SPRAY GUN,20v-lithium-ion-platform,https://www.wokintools.com/wp-content/uploads/2023/09/20V-LI-ION-CORDLESS-SPRAY-GUN.jpg
794221,AUTOMATIC FLOOR SCRUBBER,power-tools,https://www.wokintools.com/wp-content/uploads/2026/01/wokin-automatic-floor-scrubber.jpg
156910,109PCS 12V CORDLESS DRILL AND HOME TOOL KIT (INDUSTRIAL),tool-sets,https://www.wokintools.com/wp-content/uploads/2023/09/109PCS-12V-CORDLESS-DRILL-AND-HOME-TOOL-KIT.jpg
580833,MEASURING TAPE (INDUSTRIAL),measuring-tools,https://www.wokintools.com/wp-content/uploads/2023/09/MEASURING-TAPE-1.jpg
300328,18MM SNAP-OFF BLADE KNIFE,cutting-tools,https://www.wokintools.com/wp-content/uploads/2023/11/18MM-SNAP-OFF-BLADE-KNIFE.jpg
727150,500ML OIL CAN,automotive-tools,https://www.wokintools.com/wp-content/uploads/2024/03/500ML-OIL-CAN.jpg
900003,3PCS TOOL BOX SET,tool-bag-and-storage,https://www.wokintools.com/wp-content/uploads/2024/11/3PCS-TOOL-BOX-SET.jpg
575032,GARDEN HOSE (INDUSTRIAL) (SPECIALLY FOR 110-120V MARKET),garden-tools,https://www.wokintools.com/wp-content/uploads/2023/10/GARDEN-HOSE.jpg
858006,GASOLINE GENERATOR (INDUSTRIAL) (SPECIALLY FOR 110-120V MARKET),generators,https://www.wokintools.com/wp-content/uploads/2023/10/7.5A-GASOLINE-GENERATOR.jpg
858512,8.5A IMPACT WRENCH (SPECIALLY FOR 110-120V MARKET),power-tools-110-120v-market,https://www.wokintools.com/wp-content/uploads/2023/10/IMPACT-WRENCH.jpg
854840,3A BLOWER (SPECIALLY FOR 110-120V MARKET),power-tools-110-120v-market,https://www.wokintools.com/wp-content/uploads/2023/10/3A-BLOWER.jpg
854930,2.5A OSCILLATING MULTI-TOOL (SPECIALLY FOR 110-120V MARKET),power-tools-110-120v-market,https://www.wokintools.com/wp-content/uploads/2023/10/2.5A-OSCILLATING-MULTI-TOOL.jpg
853613,VARIABLE SPEED ROTARY TOOL WITH 41 ACCESSORIES (SPECIALLY FOR 110-120V MARKET),power-tools-110-120v-market,https://www.wokintools.com/wp-content/uploads/2023/10/VARIABLE-SPEED-ROTARY-TOOL-WITH-41-ACCESSORIES.jpg
854671,6A RECIPROCATING SAW (SPECIALLY FOR 110-120V MARKET),power-tools-110-120v-market,https://www.wokintools.com/wp-content/uploads/2023/10/6A-RECIPROCATING-SAW.jpg
854315,12.5A WALL CHASER (SPECIALLY FOR 110-120V MARKET),power-tools-110-120v-market,https://www.wokintools.com/wp-content/uploads/2023/10/1500W-WALL-CHASER.jpg
506804,88LB/40KG DIGITAL COMMERCIAL PRICE SCALE (SPECIALLY FOR 110-120V MARKET),measuring-tools,https://www.wokintools.com/wp-content/uploads/2023/10/88LB40KG-DIGITAL-COMMERCIAL-PRICE-SCALE.jpg
900902,DESKTOP DISPLAY STAND,merchandising-and-promotional,https://www.wokintools.com/wp-content/uploads/2023/10/DESKTOP-DISPLAY-STAND.jpg
796313,ELECTRIC LAWN MOWER (INDUSTRIAL),garden-tools,https://www.wokintools.com/wp-content/uploads/2023/10/ELECTRIC-LAWN-MOWER.jpg
156815,15PCS 3/4&#8243; DRIVE SOCKET SET (INDUSTRIAL),tool-sets,https://www.wokintools.com/wp-content/uploads/2023/09/15PCS-DRIVE-SOCKET-SET.jpg
760010,FLAT CUTTING-OFF WHEEL (TYPE41),power-tools-accessories,https://www.wokintools.com/wp-content/uploads/2023/09/FLAT-CUTTING-OFF-WHEEL.jpg
906710,TOOL BACKPACK (INDUSTRIAL),tool-bag-and-storage,https://www.wokintools.com/wp-content/uploads/2023/10/TOOL-BACKPACK.jpg
906214,14&#8243; TOOL BAG (INDUSTRIAL),tool-bag-and-storage,https://www.wokintools.com/wp-content/uploads/2023/10/14INCH-TOOL-BAG.jpg
794251,5PCS VACUUM COLLECTOR BAG SET,power-tools|power-tools-110-120v-market,https://www.wokintools.com/wp-content/uploads/2023/10/5PCS-VACUUM-COLLECTOR-BAG-SET.jpg
796103,18GA ELECTRIC STAPLE GUN,power-tools,https://www.wokintools.com/wp-content/uploads/2023/10/18GA-ELECTRIC-STAPLE-GUN.jpg
795910,1200W CONCRETE VIBRATOR,power-tools,https://www.wokintools.com/wp-content/uploads/2023/10/1200W-CONCRETE-VIBRATOR.jpg
795608,1500W 8&#8243; MITER SAW,power-tools,https://www.wokintools.com/wp-content/uploads/2023/09/MITER-SAW.jpg
796908,8PCS RECIPROCATING SAW BLADES SET,power-tools-accessories,https://www.wokintools.com/wp-content/uploads/2023/10/8PCS-RECIPROCATING-SAW-BLADES-SET-1.jpg
772227,276PCS ROTARY TOOL ACCESSORY KIT,power-tools-accessories,https://www.wokintools.com/wp-content/uploads/2023/10/276PCS-ROTARY-TOOL-ACCESSORY-KIT-1.jpg
750719,19PCS M2 HSS TWIST DRILL BITS SET,power-tools-accessories,https://www.wokintools.com/wp-content/uploads/2023/10/19PCS-M2-HSS-TWIST-DRILL-BITS-SET.jpg
682643,MULTI-PURPOSE ALUMINUM LADDER (INDUSTRIAL),hardware-and-others,https://www.wokintools.com/wp-content/uploads/2023/10/MULTI-PURPOSE-ALUMINUM-LADDER.jpg
654023,MASKING TAPE,hardware-and-others,https://www.wokintools.com/wp-content/uploads/2023/10/MASKING-TAPE.jpg
585306,6PCS ARROW MAGNETIC WELDING HOLDER SET,welding-tools,https://www.wokintools.com/wp-content/uploads/2023/10/6PCS-ARROW-MAGNETIC-WELDING-HOLDER-SET.jpg
584508,CO2 WELDING WIRE,welding-tools,https://www.wokintools.com/wp-content/uploads/2023/10/CO2-WELDING-WIRE.jpg
727130,350ML OIL CAN,automotive-tools,https://www.wokintools.com/wp-content/uploads/2023/10/350ML-IRON-OIL-CAN.jpg
727025,250ML OIL CAN,automotive-tools,https://www.wokintools.com/wp-content/uploads/2023/10/250ML-OIL-CAN.jpg
450510,MECHANIC GLOVES (INDUSTRIAL),ppe,https://www.wokintools.com/wp-content/uploads/2023/10/MECHANIC-GLOVES.jpg
553107,RATCHET CRIMPING PLIERS (AWG 23-7),electrical-tools,https://www.wokintools.com/wp-content/uploads/2023/09/RATCHET-CRIMPING-PLIERS.jpg
551918,HEAVY DUTY CABLE CUTTER,electrical-tools,https://www.wokintools.com/wp-content/uploads/2023/10/HEAVY-DUTY-CABLE-CUTTER.jpg
550612,NON-CONTACT AC VOLTAGE DETECTOR,electrical-tools,https://www.wokintools.com/wp-content/uploads/2023/10/NON-CONTACT-AC-VOLTAGE-DETECTOR.jpg
500223,MEASURING TAPE,measuring-tools,https://www.wokintools.com/wp-content/uploads/2023/09/MEASURING-TAPE.jpg
355815,DRYWALL SKIMMING BLADE,painting-and-masonry-tools,https://www.wokintools.com/wp-content/uploads/2023/09/DRYWALL-SKIMMING-BLADE.jpg
353212,PAINT MIXER,painting-and-masonry-tools,https://www.wokintools.com/wp-content/uploads/2023/09/PAINT-MIXER.jpg
506704,DIGITAL COMMERCIAL PRICE SCALE,measuring-tools,https://www.wokintools.com/wp-content/uploads/2023/09/DIGITAL-COMMERCIAL-PRICE-SCALE.jpg
507106,LASER DISTANCE METER (INDUSTRIAL),measuring-tools,https://www.wokintools.com/wp-content/uploads/2023/09/LASER-DISTANCE-METER.jpg
312612,12 INCH COMPASS SAW,cutting-tools,https://www.wokintools.com/wp-content/uploads/2023/09/12-INCH-COMPASS-SAW.jpg
303310,HEAVY DUTY TINMAN SNIPS (STRAIGHT CUT) (INDUSTRIAL),cutting-tools,https://www.wokintools.com/wp-content/uploads/2023/09/HEAVY-DUTY-TINMAN-SNIPS.jpg
252907,7PCS AUTO BODY FENDER REPAIR HAMMER AND DOLLY SET (INDUSTRIAL),striking-tools,https://www.wokintools.com/wp-content/uploads/2023/09/7PCS-AUTO-BODY-FENDER-REPAIR-HAMMER-AND-DOLLY-SET.jpg
105195,HEAVY DUTY REVOLVING PUNCH PLIERS (INDUSTRIAL),holding-tools,https://www.wokintools.com/wp-content/uploads/2023/09/HEAVY-DUTY-REVOLVING-PUNCH-PLIERS.jpg
215811,360° SWIVEL HEAD HAND RIVETER (INDUSTRIAL),fastening-tools,https://www.wokintools.com/wp-content/uploads/2023/09/360°-SWIVEL-HEAD-HAND-RIVETER-1.jpg
207040,40PCS SCREWDRIVER BITS SET,fastening-tools,https://www.wokintools.com/wp-content/uploads/2023/09/40PCS-SCREWDRIVER-BITS-SET.jpg
154418,FLEXIBLE HANDLE (INDUSTRIAL),mechanics-tools,https://www.wokintools.com/wp-content/uploads/2023/09/FLEXIBLE-HANDLE.jpg
157501,MICROMETER TORQUE WRENCH WITH REVERSIBLE RATCHET (INDUSTRIAL),mechanics-tools,https://www.wokintools.com/wp-content/uploads/2023/09/MICROMETER-TORQUE-WRENCH-WITH-REVERSIBLE-RATCHET.jpg
156759,60PCS TOOL CHEST SET,tool-sets,https://www.wokintools.com/wp-content/uploads/2023/09/60PCS-TOOL-CHEST-SET.jpg
761424,TCT SAW BLADE (INDUSTRIAL) (ONLY SUITBALE for WOKIN 621607),20v-lithium-ion-platform,https://www.wokintools.com/wp-content/uploads/2023/09/TCT-SAW-BLADE.jpg
633458,20V LI-ION CORDLESS ANGLE GRINDER (SPECIALLY FOR 110-120V MARKET),20v-lithium-ion-platform,https://www.wokintools.com/wp-content/uploads/2023/09/20V-LI-ION-CORDLESS-ANGLE-GRINDER-1.jpg
622910,20V LI-ION CORDLESS TILE VIBRATOR,20v-lithium-ion-platform,https://www.wokintools.com/wp-content/uploads/2023/09/20V-LI-ION-CORDLESS-TILE-VIBRATOR.jpg
627014,40V LI-ION BRUSHLESS CORDLESS LAWN MOWER (INDUSTRIAL),20v-lithium-ion-platform,https://www.wokintools.com/wp-content/uploads/2023/09/40V-LI-ION-BRUSHLESS-CORDLESS-LAWN-MOWER.jpg
624655,5 INCH CHAINSAW GUIDE BAR,20v-lithium-ion-platform,https://www.wokintools.com/wp-content/uploads/2023/09/5-INCH-CHAINSAW-GUIDE-BAR.jpg
624652,CHAINSAW CHAIN,20v-lithium-ion-platform,https://www.wokintools.com/wp-content/uploads/2023/09/CHAINSAW-CHAIN.jpg
624605,20V LI-ION CORDLESS PRUNING SAW,20v-lithium-ion-platform,https://www.wokintools.com/wp-content/uploads/2023/09/20V-LI-ION-CORDLESS-PRUNING-SAW-1.jpg
621920,20V LI-ION BRUSHLESS CORDLESS JIG SAW (INDUSTRIAL),20v-lithium-ion-platform,https://www.wokintools.com/wp-content/uploads/2023/09/20V-LI-ION-BRUSHLESS-CORDLESS-JIG-SAW.jpg
818210,CROWN STAPLE,pneumatic-tools,https://www.wokintools.com/wp-content/uploads/2023/09/CROWN-STAPLE.jpg
814110,21 GAUGE AIR STAPLER (INDUSTRIAL),pneumatic-tools,https://www.wokintools.com/wp-content/uploads/2023/09/21-GAUGE-AIR-STAPLER.jpg
812020,AIR WASHING GUN (2PCS),pneumatic-tools,https://www.wokintools.com/wp-content/uploads/2023/09/AIR-WASHING-GUN-2Pcs.jpg
575503,PLASTIC Y CONNECTOR WITH SHUT-OFF (SPECIALLY FOR 110-120V MARKET),garden-tools,https://www.wokintools.com/wp-content/uploads/2023/09/PLASTIC-Y-CONNECTOR-WITH-SHUT-OFF.jpg
550704,VOLTAGE TESTER,electrical-tools,https://www.wokintools.com/wp-content/uploads/2023/09/VOLTAGE-TESTER-1.jpg
550703,VOLTAGE TESTER,electrical-tools,https://www.wokintools.com/wp-content/uploads/2023/09/VOLTAGE-TESTER.jpg
815020,10M AIR HOSE,pneumatic-tools,https://www.wokintools.com/wp-content/uploads/2023/05/10M-AIR-HOSE.jpg
889012,NON SPARKING CHAIN BLOCK,non-sparking-tools,https://www.wokintools.com/wp-content/uploads/2024/04/NON-SPARKING-CHAIN-BLOCK.jpg
888301,NON SPARKING ROUND POINT SHOVEL (INDUSTRIAL),non-sparking-tools,https://www.wokintools.com/wp-content/uploads/2024/04/NON-SPARKING-ROUND-POINT-SHOVEL.jpg
888201,NON SPARKING SQUARE SHOVEL (INDUSTRIAL),non-sparking-tools,https://www.wokintools.com/wp-content/uploads/2024/04/NON-SPARKING-SQUARE-SHOVEL.jpg
888036,NON SPARKING DECK SCRAPER (INDUSTRIAL),non-sparking-tools,https://www.wokintools.com/wp-content/uploads/2024/04/NON-SPARKING-DECK-SCRAPER.jpg
887801,NON SPARKING PUTTY HAND SCRAPER (INDUSTRIAL),non-sparking-tools,https://www.wokintools.com/wp-content/uploads/2024/04/NON-SPARKING-PUTTY-HAND-SCRAPER.jpg
887510,NON SPARKING KNIFE (INDUSTRIAL),non-sparking-tools,https://www.wokintools.com/wp-content/uploads/2024/04/NON-SPARKING-KNIFE.jpg
887202,NON SPARKING SCREWDRIVER (INDUSTRIAL),non-sparking-tools,https://www.wokintools.com/wp-content/uploads/2024/04/NON-SPARKING-SCREWDRIVER-1.jpg
887002,NON SPARKING SCREWDRIVER (INDUSTRIAL),non-sparking-tools,https://www.wokintools.com/wp-content/uploads/2024/04/NON-SPARKING-SCREWDRIVER.jpg
886510,NON SPARKING SWEDISH 45° PIPE WRENCH (INDUSTRIAL),non-sparking-tools,https://www.wokintools.com/wp-content/uploads/2024/04/NON-SPARKING-SWEDISH-45°-PIPE-WRENCH.jpg
886106,NON SPARKING DIAGONAL CUTTING PLIERS (INDUSTRIAL),non-sparking-tools,https://www.wokintools.com/wp-content/uploads/2024/04/NON-SPARKING-DIAGONAL-CUTTING-PLIERS.jpg
886006,NON SPARKING COMBINATION PLIERS (INDUSTRIAL),non-sparking-tools,https://www.wokintools.com/wp-content/uploads/2024/04/NON-SPARKING-COMBINATION-PLIERS.jpg
885416,NON SPARKING BALL PEIN HAMMER (INDUSTRIAL),non-sparking-tools,https://www.wokintools.com/wp-content/uploads/2024/04/NON-SPARKING-BALL-PEIN-HAMMER.jpg
885308,NON SPARKING CLAW HAMMER (INDUSTRIAL),non-sparking-tools,https://www.wokintools.com/wp-content/uploads/2024/04/NON-SPARKING-CLAW-HAMMER.jpg
885202,NON SPARKING SLEDGE HAMMER (INDUSTRIAL),non-sparking-tools,https://www.wokintools.com/wp-content/uploads/2024/04/NON-SPARKING-SLEDGE-HAMMER.jpg
885110,NON SPARKING STONING HAMMER (INDUSTRIAL),non-sparking-tools,https://www.wokintools.com/wp-content/uploads/2024/04/NON-SPARKING-STONING-HAMMER.jpg
885003,NON SPARKING MACHINIST HAMMER (INDUSTRIAL),non-sparking-tools,https://www.wokintools.com/wp-content/uploads/2024/04/NON-SPARKING-MACHINIST-HAMMER.jpg
883714,NON SPARKING UNIVERSAL BARREL WRENCH (INDUSTRIAL),non-sparking-tools,https://www.wokintools.com/wp-content/uploads/2024/04/NON-SPARKING-UNIVERSAL-BARREL-WRENCH-1.jpg
883612,NON SPARKING UNIVERSAL BARREL WRENCH (INDUSTRIAL),non-sparking-tools,https://www.wokintools.com/wp-content/uploads/2024/04/NON-SPARKING-UNIVERSAL-BARREL-WRENCH.jpg
883533,NON SPARKING VALVE WHEEL WRENCH (INDUSTRIAL),non-sparking-tools,https://www.wokintools.com/wp-content/uploads/2024/04/NON-SPARKING-VALVE-WHEEL-WRENCH.jpg
882615,NON SPARKING 45° BENT NOSE PIPE WRENCH (INDUSTRIAL),non-sparking-tools,https://www.wokintools.com/wp-content/uploads/2024/04/NON-SPARKING-45°-BENT-NOSE-PIPE-WRENCH.jpg
883217,NON SPARKING RATCHET WRENCH FOR SOCKET (INDUSTRIAL),non-sparking-tools,https://www.wokintools.com/wp-content/uploads/2024/04/NON-SPARKING-RATCHET-WRENCH-FOR-SOCKET.jpg
883024,NON SPARKING 12 POINT RING SLOGGING WRENCH (INDUSTRIAL),non-sparking-tools,https://www.wokintools.com/wp-content/uploads/2024/04/NON-SPARKING-12-POINT-RING-SLOGGING-WRENCH.jpg
882824,NON SPARKING OPEN ENDED SLOGGING WRENCH (INDUSTRIAL),non-sparking-tools,https://www.wokintools.com/wp-content/uploads/2024/04/NON-SPARKING-OPEN-ENDED-SLOGGING-WRENCH.jpg
882508,NON SPARKING PIPE WRENCH (INDUSTRIAL),non-sparking-tools,https://www.wokintools.com/wp-content/uploads/2024/04/NON-SPARKING-PIPE-WRENCH.jpg
882006,NON SPARKING ADJUSTABLE WRENCH (INDUSTRIAL),non-sparking-tools,https://www.wokintools.com/wp-content/uploads/2024/04/NON-SPARKING-ADJUSTABLE-WRENCH.jpg
881406,NON SPARKING DOUBLE RING SPANNER OFFSET (INDUSTRIAL),non-sparking-tools,https://www.wokintools.com/wp-content/uploads/2024/04/NON-SPARKING-DOUBLE-RING-SPANNER-OFFSET.jpg
881206,NON SPARKING DOUBLE OPEN ENDED SPANNER (INDUSTRIAL),non-sparking-tools,https://www.wokintools.com/wp-content/uploads/2024/04/NON-SPARKING-DOUBLE-OPEN-ENDED-SPANNER.jpg
881006,NON SPARKING COMBINATION SPANNER (INDUSTRIAL),non-sparking-tools,https://www.wokintools.com/wp-content/uploads/2024/04/NON-SPARKING-COMBINATION-SPANNER.jpg
889517,NON SPARKING 17PCS 1/2&#8243;DR SOCKET SET (INDUSTRIAL),non-sparking-tools,https://www.wokintools.com/wp-content/uploads/2024/04/NON-SPARKING-17PCS-DR-SOCKET-SET.jpg
880905,NON SPARKING DRIVER EXTENSION (INDUSTRIAL),non-sparking-tools,https://www.wokintools.com/wp-content/uploads/2024/04/NON-SPARKING-DRIVER-EXTENSION.jpg
880603,NON SPARKING UNIVERSAL JOINT (INDUSTRIAL),non-sparking-tools,https://www.wokintools.com/wp-content/uploads/2023/04/NON-SPARKING-UNIVERSAL-JOINT.jpg
880510,NON SPARKING 1/2&#8243; REVERSIBLE RATCHET WRENCH (INDUSTRIAL),non-sparking-tools,https://www.wokintools.com/wp-content/uploads/2024/04/NON-SPARKING-REVERSIBLE-RATCHET-WRENCH.jpg
880410,NON SPARKING 1/2&#8243; SLIDING BAR (INDUSTRIAL),non-sparking-tools,https://www.wokintools.com/wp-content/uploads/2024/04/NON-SPARKING-12-SLIDING-BAR.jpg
880108,NON SPARKING 1/2&#8243; DRIVE SOCKETS (SIX POINT) (INDUSTRIAL),non-sparking-tools,https://www.wokintools.com/wp-content/uploads/2024/04/NON-SPARKING-12-DRIVE-SOCKETS.jpg
626012,20V LI-ION LED FLOOD LIGHT (INDUSTRIAL),20v-lithium-ion-platform,https://www.wokintools.com/wp-content/uploads/2023/03/20V-LI-ION-LED-FLOOD-LIGHT.jpg
786520,200L ELECTRIC CONCRETE MIXER,construction-equipment|power-tools,https://www.wokintools.com/wp-content/uploads/2023/02/200L-ELECTRIC-CONCRETE-MIXER.jpg
571010,8 PATTERN NOZZLE,garden-tools,https://www.wokintools.com/wp-content/uploads/2023/09/8-PATTERN-NOZZLE.jpg
831210,100L AIR COMPRESSOR (INDUSTRIAL),pneumatic-tools,https://www.wokintools.com/wp-content/uploads/2023/09/100L-AIR-COMPRESSOR.jpg
783910,1400W CAR POLISHER (INDUSTRIAL),power-tools,https://www.wokintools.com/wp-content/uploads/2023/10/1400W-CAR-POLISHER.jpg
788305,280W RANDOM ORBITAL SANDER,power-tools,https://www.wokintools.com/wp-content/uploads/2023/09/RANDOM-ORBITAL-SANDER.jpg
573320,20L GARDEN SPRAYER,garden-tools,https://www.wokintools.com/wp-content/uploads/2023/09/GARDEN-SPRAYER-1.jpg
573205,5L GARDEN SPRAYER,garden-tools,https://www.wokintools.com/wp-content/uploads/2023/09/GARDEN-SPRAYER.jpg
250802,SLEDGE HAMMER,striking-tools,https://www.wokintools.com/wp-content/uploads/2023/09/SLEDGE-HAMMER-1.jpg
250806,SLEDGE HAMMER,striking-tools,https://www.wokintools.com/wp-content/uploads/2023/09/SLEDGE-HAMMER.jpg
587503,WELDING CHIPPING HAMMER,welding-tools,https://www.wokintools.com/wp-content/uploads/2023/09/WELDING-CHIPPING-HAMMER.jpg
953125,ADVERTISING LAMPBOX,merchandising-and-promotional,https://www.wokintools.com/wp-content/uploads/2023/09/ADVERTISING-LAMPBOX.jpg
791503,370W AUTOMATIC SELF-PRIMING PERIPHERAL PUMP,power-tools,https://www.wokintools.com/wp-content/uploads/2022/12/AUTOMATIC-SELF-PRIMING-PERIPHERAL-PUMP.jpg
795410,1800W TABLE TOP MITER SAW (INDUSTRIAL),power-tools,https://www.wokintools.com/wp-content/uploads/2023/09/TABLE-TOP-MITER-SAW.jpg
795310,10&#8243; TABLE SAW,power-tools,https://www.wokintools.com/wp-content/uploads/2023/09/TABLE-SAW.jpg
795205,1500W WALL CHASER,power-tools,https://www.wokintools.com/wp-content/uploads/2023/09/WALL-CHASER.jpg
682308,EXTENSION LADDER,hardware-and-others,https://www.wokintools.com/wp-content/uploads/2023/09/EXTENSION-LADDER.jpg
682423,HOUSEHOLD LADDER,hardware-and-others,https://www.wokintools.com/wp-content/uploads/2023/09/HOUSEHOLD-LADDER.jpg
685516,WHEEL,lifting-and-handing-equipment,https://www.wokintools.com/wp-content/uploads/2023/09/WHEEL.jpg
685204,WHEEL BARROW,lifting-and-handing-equipment,https://www.wokintools.com/wp-content/uploads/2023/09/WHEEL-BARROW.jpg
683607,ALUMINUM FOLDABLE HAND TRUCK,lifting-and-handing-equipment,https://www.wokintools.com/wp-content/uploads/2023/09/ALUMINUM-FOLDABLE-HAND-TRUCK.jpg
252607,"CLAW HAMMER, FRENCH TYPE",striking-tools,https://www.wokintools.com/wp-content/uploads/2023/09/CLAW-HAMMER-FRENCH-TYPE.jpg
216610,OPEN END BLIND RIVET,fastening-tools,https://www.wokintools.com/wp-content/uploads/2023/09/OPEN-END-BLIND-RIVET.jpg
623710,20V LI-ION CORDLESS RECIPROCATING SAW,20v-lithium-ion-platform,https://www.wokintools.com/wp-content/uploads/2022/12/20V-LI-ION-CORDLESS-RECIPROCATING-SAW.jpg
623445,20V LI-ION CORDLESS ANGLE GRINDER,20v-lithium-ion-platform,https://www.wokintools.com/wp-content/uploads/2022/12/20V-LI-ION-CORDLESS-ANGLE-GRINDER.jpg
795312,2000W 12&#8243; TABLE SAW (INDUSTRIAL),power-tools,https://www.wokintools.com/wp-content/uploads/2023/09/12inch-TABLE-SAW.jpg
786306,650W LAMINATE TRIMMER (INDUSTRIAL),power-tools,https://www.wokintools.com/wp-content/uploads/2023/09/LAMINATE-TRIMMER.jpg
786021,1300W DEMOLITION HAMMER (INDUSTRIAL),power-tools,https://www.wokintools.com/wp-content/uploads/2023/09/DEMOLITION-HAMMER.jpg
784165,650W HAMMER DRILL (INDUSTRIAL),power-tools,https://www.wokintools.com/wp-content/uploads/2023/09/HAMMER-DRILL.jpg
584140,WELDING ELECTRODE E7018 (INDUSTRIAL),welding-tools,https://www.wokintools.com/wp-content/uploads/2023/09/WELDING-ELECTRODE-E7018.jpg
584025,WELDING ELECTRODE E6013 (INDUSTRIAL),welding-tools,https://www.wokintools.com/wp-content/uploads/2023/09/WELDING-ELECTRODE-E6013.jpg
736220,SCISSOR JACK (INDUSTRIAL),automotive-tools,https://www.wokintools.com/wp-content/uploads/2022/12/SCISSOR-JACK.jpg
453439,RAIN BOOTS,ppe,https://www.wokintools.com/wp-content/uploads/2022/12/wokin-rain-boots.jpg
508103,LASER LEVEL MOUNTING POLE,painting-and-masonry-tools,https://www.wokintools.com/wp-content/uploads/2023/09/EXTENSION-POLE.jpg
507915,INSTRUMENT TRIPOD (INDUSTRIAL),painting-and-masonry-tools,https://www.wokintools.com/wp-content/uploads/2023/09/INSTRUMENT-TRIPOD.jpg
507605,SELF-LEVELING 5-LINES LASER LEVEL (GREEN LASER) (INDUSTRIAL),painting-and-masonry-tools,https://www.wokintools.com/wp-content/uploads/2023/09/SELF-LEVELING-5-LINES-LASER-LEVEL-1.jpg
507505,SELF-LEVELING 5-LINES LASER LEVEL (RED LASER) (INDUSTRIAL),painting-and-masonry-tools,https://www.wokintools.com/wp-content/uploads/2023/09/SELF-LEVELING-5-LINES-LASER-LEVEL.jpg
234105,1&#8243; DRIVE IMPACT EXTENSION BAR (INDUSTRIAL),mechanics-tools,https://www.wokintools.com/wp-content/uploads/2023/09/DRIVE-IMPACT-EXTENSION-BAR-1.jpg
234021,1&#8243; DRIVE DEEP IMPACT SOCKET (INDUSTRIAL),mechanics-tools,https://www.wokintools.com/wp-content/uploads/2023/09/DRIVE-DEEP-IMPACT-SOCKET-1.jpg
233304,3/4&#8243; DRIVE IMPACT EXTENSION BAR (INDUSTRIAL),mechanics-tools,https://www.wokintools.com/wp-content/uploads/2023/09/DRIVE-IMPACT-EXTENSION-BAR.jpg
233221,3/4&#8243; DRIVE DEEP IMPACT SOCKET (INDUSTRIAL),mechanics-tools,https://www.wokintools.com/wp-content/uploads/2023/09/DRIVE-DEEP-IMPACT-SOCKET.jpg
156610,108PCS 1/4&#8243; &#038; 1/2&#8243; DRIVE SOCKET SETS (INDUSTRIAL),tool-sets,https://www.wokintools.com/wp-content/uploads/2022/12/wokin-108pcs-1-4-and-1-2-drive-socket-set.jpg
156461,61PCS HOUSEHOLD TOOL SET (INDUSTRIAL),tool-sets,https://www.wokintools.com/wp-content/uploads/2022/12/wokin-61pcs-household-tool-set-1.jpg
157830,RING SLOGGING WRENCH (INDUSTRIAL),mechanics-tools,https://www.wokintools.com/wp-content/uploads/2023/09/RING-SLOGGING-WRENCH.jpg
858204,4A HVLP HAND HELD SPRAY GUN (SPECIALLY FOR 110-120V MARKET),power-tools-110-120v-market,https://www.wokintools.com/wp-content/uploads/2023/10/HVLP-HAND-HELD-SPRAY-GUN.jpg
858401,15A POWER MIXER (INDUSTRIAL) (SPECIALLY FOR 110-120V MARKET),power-tools-110-120v-market,https://www.wokintools.com/wp-content/uploads/2023/10/MIXER.jpg
855208,7A BELT SANDER (SPECIALLY FOR 110-120V MARKET),power-tools-110-120v-market,https://www.wokintools.com/wp-content/uploads/2023/10/BELT-SANDER.jpg
856901,10A AUTOMATIC PUMP CONTROL (SPECIALLY FOR 110-120V MARKET),power-tools-110-120v-market,https://www.wokintools.com/wp-content/uploads/2023/10/AUTOMATIC-PUMP-CONTROL.jpg
783611,2100W ELECTRIC ROUTER (INDUSTRIAL),power-tools,https://www.wokintools.com/wp-content/uploads/2022/10/wokin-2100w-electric-router.jpg
796012,12V/24V BATTERY CHARGER,automotive-tools,https://www.wokintools.com/wp-content/uploads/2023/10/12V24V-BATTERY-CHARGER.jpg
739530,ADJUSTABLE ROLLING TOOL SEAT,automotive-tools,https://www.wokintools.com/wp-content/uploads/2023/10/ADJUSTABLE-ROLLING-TOOL-SEAT.jpg
300102,9MM SNAP-OFF BLADE KNIFE,cutting-tools,https://www.wokintools.com/wp-content/uploads/2023/09/9MM-SNAP-OFF-BLADE-KNIFE.jpg
960006,WOKIN MARKETING BROCHURE (SPECIALLY FOR 110-120V MARKET),merchandising-and-promotional,https://www.wokintools.com/wp-content/uploads/2022/08/wokin-marketing-brochure-specially-for-110-120v-market.jpg
763911,DOUBLE ROW SEGMENTED TURBO CUP GRINDING WHEEL (INDUSTRIAL),power-tools-accessories,https://www.wokintools.com/wp-content/uploads/2023/09/763911.jpg
722005,TELESCOPIC MAGNETIC PICK-UP TOOL,automotive-tools,https://www.wokintools.com/wp-content/uploads/2023/09/TELESCOPIC-MAGNETIC-PICK-UP-TOOL.jpg
857209,HIGH PRESSURE WASHER (SPECIALLY FOR 110-120V MARKET),power-tools-110-120v-market,https://www.wokintools.com/wp-content/uploads/2023/09/HIGH-PRESSURE-WASHER-1.jpg
857207,HIGH PRESSURE WASHER (SPECIALLY FOR 110-120V MARKET),power-tools-110-120v-market,https://www.wokintools.com/wp-content/uploads/2023/09/HIGH-PRESSURE-WASHER.jpg
960310,PROMOTIONAL UMBRELLA,merchandising-and-promotional,https://www.wokintools.com/wp-content/uploads/2023/09/PROMOTIONAL-UMBRELLA.jpg
945221,METAL STORAGE SHELF,tool-bag-and-storage,https://www.wokintools.com/wp-content/uploads/2023/09/METAL-STORAGE-SHELF-1.jpg
945118,METAL STORAGE SHELF,tool-bag-and-storage,https://www.wokintools.com/wp-content/uploads/2023/09/METAL-STORAGE-SHELF.jpg
808112,AIR GREASE LUBRICATOR,pneumatic-tools,https://www.wokintools.com/wp-content/uploads/2023/09/AIR-GREASE-LUBRICATOR-1.jpg
790503,DEEP WELL PUMP,power-tools,https://www.wokintools.com/wp-content/uploads/2023/09/DEEP-WELL-PUMP.jpg
790075,750W SUBMERSIBLE SEWAGE PUMP,power-tools,https://www.wokintools.com/wp-content/uploads/2023/09/SUBMERSIBLE-SEWAGE-PUMP.jpg
794708,880W DRYWALL SANDER (INDUSTRIAL),power-tools,https://www.wokintools.com/wp-content/uploads/2023/09/DRYWALL-SANDER.jpg
795014,1450W MARBLE CUTTER (INDUSTRIAL),power-tools,https://www.wokintools.com/wp-content/uploads/2023/09/Marble-Cutter.jpg
771103,CUP BRUSH WITH SHANK,power-tools-accessories,https://www.wokintools.com/wp-content/uploads/2023/09/CUP-BRUSH-WITH-SHANK.jpg
771002,CIRCULAR GRINDING WIRE BRUSH (INDUSTRIAL),power-tools-accessories,https://www.wokintools.com/wp-content/uploads/2023/09/CIRCULAR-GRINDING-WIRE-BRUSH.jpg
652003,SHELF BRACKET,hardware-and-others,https://www.wokintools.com/wp-content/uploads/2023/09/SHELF-BRACKET.jpg
587501,AUTO-DARKENING WELDING GLASSES (INDUSTRIAL),welding-tools,https://www.wokintools.com/wp-content/uploads/2023/09/AUTO-DARKENING-WELDING-GLASSES-1.jpg
737002,HYDRAULIC ENGINE CRANE (INDUSTRIAL),automotive-tools,https://www.wokintools.com/wp-content/uploads/2023/09/HYDRAULIC-ENGINE-CRANE.jpg
737210,PORTABLE HYDRAULIC EQUIPMENT KIT (INDUSTRIAL),automotive-tools,https://www.wokintools.com/wp-content/uploads/2023/09/PORTABLE-HYDRAULIC-EQUIPMENT-KIT-1.jpg
737204,PORTABLE HYDRAULIC EQUIPMENT KIT (INDUSTRIAL),automotive-tools,https://www.wokintools.com/wp-content/uploads/2023/09/PORTABLE-HYDRAULIC-EQUIPMENT-KIT.jpg
734001,AIR COMPRESSOR TIRE INFLATOR,automotive-tools,https://www.wokintools.com/wp-content/uploads/2023/09/AIR-COMPRESSOR-TIRE-INFLATOR.jpg
452902,WORKING OVERALLS (INDUSTRIAL),ppe,https://www.wokintools.com/wp-content/uploads/2023/09/WORKING-OVERALLS.jpg
452802,WORKING TROUSERS (INDUSTRIAL),ppe,https://www.wokintools.com/wp-content/uploads/2023/09/WORKING-TROUSERS.jpg
452702,WORKING JACKET (INDUSTRIAL),ppe,https://www.wokintools.com/wp-content/uploads/2023/09/WORKING-JACKET.jpg
155913,137PCS SOCKET SET (INDUSTRIAL),tool-sets,https://www.wokintools.com/wp-content/uploads/2023/09/137PCS-SOCKET-SET.jpg
156316,116PCS HOUSEHOLD TOOL SET (INDUSTRIAL),tool-sets,https://www.wokintools.com/wp-content/uploads/2022/07/wokin-116pcs-household-tool-set-with-drill.jpg
857930,FLOOR STANDING FAN (INDUSTRIAL) (SPECIALLY FOR 110-120V MARKET),power-tools-110-120v-market,https://www.wokintools.com/wp-content/uploads/2023/09/857930-1.jpg
857830,WALL MOUNTED FAN (INDUSTRIAL) (SPECIALLY FOR 110-120V MARKET),power-tools-110-120v-market,https://www.wokintools.com/wp-content/uploads/2022/07/WALL-MOUNTED-FAN.jpg
806012,1/2&#8243; AIR RATCHET,pneumatic-tools,https://www.wokintools.com/wp-content/uploads/2023/09/806012.jpg
806514,1/4&#8243; AIR ANGLE DIE GRINDER,pneumatic-tools,https://www.wokintools.com/wp-content/uploads/2023/09/806514.jpg
805501,LONG NOSE AIR IMPACT WRENCH (INDUSTRIAL),pneumatic-tools,https://www.wokintools.com/wp-content/uploads/2023/09/805501.jpg
780908,12V LI-ION IMPACT DRIVER (SPECIALLY FOR 110-120V MARKET),cordless-tools,https://www.wokintools.com/wp-content/uploads/2023/09/780908.jpg
639304,FAST LI-ION BATTERY CHARGER (SPECIALLY FOR 110-120V MARKET),20v-lithium-ion-platform,https://www.wokintools.com/wp-content/uploads/2022/04/FAST-LI-ION-BATTERY-CHARGER.jpg
639302,FAST LI-ION BATTERY CHARGER (SPECIALLY FOR 110-120V MARKET),20v-lithium-ion-platform,https://www.wokintools.com/wp-content/uploads/2022/01/FAST-LI-ION-BATTERY-CHARGER-2.jpg
638002,20V LI-ION CORDLESS 2-PC. COMBO KIT (SPECIALLY FOR 110-120V MARKET),20v-lithium-ion-platform,https://www.wokintools.com/wp-content/uploads/2022/04/20V-LI-ION-CORDLESS-2-PC.-COMBO-KIT.jpg
960210,PROMOTIONAL TENT,merchandising-and-promotional,https://www.wokintools.com/wp-content/uploads/2023/09/960210.jpg
960110,PROMOTIONAL FLAG,merchandising-and-promotional,https://www.wokintools.com/wp-content/uploads/2023/09/960110.jpg
960005,WOKIN MARKETING BROCHURE,merchandising-and-promotional,https://www.wokintools.com/wp-content/uploads/2022/01/WOKIN-MARKETING-BROCHURE-1.jpg
578803,TRIMMER LINE (SQUARE SHAPE),garden-tools,https://www.wokintools.com/wp-content/uploads/2023/09/578704.jpg
578703,TRIMMER LINE,garden-tools,https://www.wokintools.com/wp-content/uploads/2023/09/578704.jpg
107705,ANGLE GRINDER STAND (INDUSTRIAL),power-tools|power-tools-110-120v-market,https://www.wokintools.com/wp-content/uploads/2023/09/107705.jpg
107806,DRILL STAND,power-tools|power-tools-110-120v-market,https://www.wokintools.com/wp-content/uploads/2023/09/107806.jpg
794207,2000W VACUUM CLEANER (INDUSTRIAL),power-tools,https://www.wokintools.com/wp-content/uploads/2023/09/794207.jpg
794203,1200W VACUUM CLEANER (INDUSTRIAL),power-tools,https://www.wokintools.com/wp-content/uploads/2023/09/794203.jpg
784621,1200W ANGLE GRINDER (INDUSTRIAL),power-tools,https://www.wokintools.com/wp-content/uploads/2023/09/784621.jpg
751935,FORSTNER DRILL BIT,power-tools-accessories,https://www.wokintools.com/wp-content/uploads/2023/09/751935.jpg
624530,20V LI-ION BRUSHLESS CORDLESS SHEAR (INDUSTRIAL),20v-lithium-ion-platform,https://www.wokintools.com/wp-content/uploads/2022/01/20V-LI-ION-BRUSHLESS-CORDLESS-SHEAR-1.jpg
720010,HAND PUMP,hardware-and-others,https://www.wokintools.com/wp-content/uploads/2023/09/720010.jpg
660130,BRASS PADLOCK (INDUSTRIAL),hardware-and-others,https://www.wokintools.com/wp-content/uploads/2023/09/660130-1.jpg
736102,BOTTLE JACK (INDUSTRIAL),automotive-tools,https://www.wokintools.com/wp-content/uploads/2023/09/736102.jpg
453102,RAIN SUIT,ppe,https://www.wokintools.com/wp-content/uploads/2023/09/453102.jpg
257614,CROWBAR (INDUSTRIAL),striking-tools,https://www.wokintools.com/wp-content/uploads/2023/09/257614-1.jpg
251545,ONE PIECE FORGED CLAW HAMMER (PREMIUM),striking-tools,https://www.wokintools.com/wp-content/uploads/2023/09/251545.jpg
209509,9PCS HAND TOOLS SET,tool-sets,https://www.wokintools.com/wp-content/uploads/2022/01/9PCS-HAND-TOOLS-SET.jpg
204004,4PCS MINI PICK AND HOOK SET,fastening-tools,https://www.wokintools.com/wp-content/uploads/2023/09/204004.jpg
629304,FAST LI-ION BATTERY CHARGER,20v-lithium-ion-platform,https://www.wokintools.com/wp-content/uploads/2022/04/FAST-LI-ION-BATTERY-CHARGER.jpg
629302,FAST LI-ION BATTERY CHARGER,20v-lithium-ion-platform,https://www.wokintools.com/wp-content/uploads/2022/01/FAST-LI-ION-BATTERY-CHARGER-2.jpg
629040,4.0Ah LI-ION BATTERY PACK,20v-lithium-ion-platform,https://www.wokintools.com/wp-content/uploads/2022/01/4.0Ah-LI-ION-BATTERY-PACK.jpg
629020,2.0Ah LI-ION BATTERY PACK,20v-lithium-ion-platform,https://www.wokintools.com/wp-content/uploads/2022/01/2.0Ah-LI-ION-BATTERY-PACK.jpg
624510,20V LI-ION BRUSHLESS CORDLESS SHEAR (INDUSTRIAL),20v-lithium-ion-platform,https://www.wokintools.com/wp-content/uploads/2022/01/20V-LI-ION-BRUSHLESS-CORDLESS-SHEAR.jpg
621710,20V LI-ION BRUSHLESS CORDLESS RECIPROCATING SAW (INDUSTRIAL),20v-lithium-ion-platform,https://www.wokintools.com/wp-content/uploads/2022/01/20V-LI-ION-BRUSHLESS-CORDLESS-RECIPROCATING-SAW.jpg
621607,20V LI-ION BRUSHLESS CORDLESS CIRCULAR SAW (INDUSTRIAL),20v-lithium-ion-platform,https://www.wokintools.com/wp-content/uploads/2022/01/20V-LI-ION-BRUSHLESS-CORDLESS-CIRCULAR-SAW.jpg
784818,180MM DISC DIAMETER 2000W ANGLE GRINDER,power-tools,https://www.wokintools.com/wp-content/uploads/2023/09/784818.jpg
794002,1400W 1500PSI HIGH PRESSURE WASHER,power-tools,https://www.wokintools.com/wp-content/uploads/2023/09/794002.jpg
794003,1650W 2000PSI HIGH PRESSURE WASHER,power-tools,https://www.wokintools.com/wp-content/uploads/2023/09/794003.jpg
682002,150KG LOAD STEEL LADDER,hardware-and-others,https://www.wokintools.com/wp-content/uploads/2023/09/682002.jpg
575402,PLASTIC HOSE REPAIR (SPECIALLY FOR 110-120V MARKET),garden-tools,https://www.wokintools.com/wp-content/uploads/2023/09/575402.jpg
575810,PLASTIC ADJUSTABLE SPRAY NOZZLE (SPECIALLY FOR 110-120V MARKET),garden-tools,https://www.wokintools.com/wp-content/uploads/2023/12/PLASTIC-ADJUSTABLE-SPRAY-NOZZLE.jpg
856807,6.3A SUBMERSIBLE CLEAN WATER PUMP (SPECIALLY FOR 110-120V MARKET),power-tools-110-120v-market,https://www.wokintools.com/wp-content/uploads/2021/10/SUBMERSIBLE-CLEAN-WATER-PUMP-1.jpg
856707,6.3A JET PUMP (SPECIALLY FOR 110-120V MARKET),power-tools-110-120v-market,https://www.wokintools.com/wp-content/uploads/2021/10/6.3A-JET-PUMP.jpg
856603,3A PERIPHERAL PUMP (SPECIALLY FOR 110-120V MARKET),power-tools-110-120v-market,https://www.wokintools.com/wp-content/uploads/2021/10/PERIPHERAL-PUMP.jpg
861810,GASOLINE CONCRETE CUTTER (INDUSTRIAL),construction-equipment,https://www.wokintools.com/wp-content/uploads/2023/09/861810.jpg
861610,GASOLINE POWER TROWEL (INDUSTRIAL),construction-equipment,https://www.wokintools.com/wp-content/uploads/2023/09/861610.jpg
861438,VIBRATOR POKER (INDUSTRIAL),construction-equipment,https://www.wokintools.com/wp-content/uploads/2023/09/861438-1.jpg
861210,GASOLINE PLATE COMPACTOR (INDUSTRIAL),construction-equipment,https://www.wokintools.com/wp-content/uploads/2023/09/861210.jpg
860810,GASOLINE TAMPING RAMMER (INDUSTRIAL),construction-equipment,https://www.wokintools.com/wp-content/uploads/2023/09/860810.jpg
860510,GASOLINE PLATE COMPACTOR (INDUSTRIAL),construction-equipment,https://www.wokintools.com/wp-content/uploads/2023/09/860510.jpg
860310,GASOLINE PLATE COMPACTOR (INDUSTRIAL),construction-equipment,https://www.wokintools.com/wp-content/uploads/2023/09/860310.jpg
860110,GASOLINE PLATE COMPACTOR (INDUSTRIAL),construction-equipment,https://www.wokintools.com/wp-content/uploads/2023/09/860110.jpg
960001,CATALOGUE (SPECIALLY FOR 110-120V MARKET),merchandising-and-promotional,https://www.wokintools.com/wp-content/uploads/2021/09/wokin-catalogue-specially-for-110-120v-market.jpg
578124,FLEXIBLE METAL LAWN RAKE,garden-tools,https://www.wokintools.com/wp-content/uploads/2023/09/578124.jpg
312522,PLASTIC LEAF RAKE,garden-tools,https://www.wokintools.com/wp-content/uploads/2023/09/312522.jpg
578016,RIGID METAL GARDEN RAKE,garden-tools,https://www.wokintools.com/wp-content/uploads/2023/09/578016.jpg
577505,PICK MATTOCK,garden-tools,https://www.wokintools.com/wp-content/uploads/2023/09/577505.jpg
579004,FLAT-SHOVEL,garden-tools,https://www.wokintools.com/wp-content/uploads/2023/09/579004-1.jpg
577012,STEEL SHOVEL WITH HANDLE,garden-tools,https://www.wokintools.com/wp-content/uploads/2023/09/577012.jpg
577011,STEEL SHOVEL WITH HANDLE,garden-tools,https://www.wokintools.com/wp-content/uploads/2023/09/577011.jpg
577002,STEEL SHOVEL WITH HANDLE,garden-tools,https://www.wokintools.com/wp-content/uploads/2023/09/577002.jpg
577001,STEEL SHOVEL WITH HANDLE,garden-tools,https://www.wokintools.com/wp-content/uploads/2023/09/577001.jpg
451110,KNITTED &#038; PVC DOTS GLOVES,garden-tools|ppe,https://www.wokintools.com/wp-content/uploads/2023/09/451110.jpg
574825,GARDEN HOSE (SPECIALLY FOR 110-120V MARKET),garden-tools,https://www.wokintools.com/wp-content/uploads/2023/09/574825.jpg
576610,PLASTIC 3-ARM WHIRLER (SPECIALLY FOR 110-120V MARKET),garden-tools,https://www.wokintools.com/wp-content/uploads/2023/09/576610.jpg
576510,PLASTIC 2-ARM WHIRLER (SPECIALLY FOR 110-120V MARKET),garden-tools,https://www.wokintools.com/wp-content/uploads/2023/09/576510.jpg
575302,PLASTIC HOSE REPAIR (SPECIALLY FOR 110-120V MARKET),garden-tools,https://www.wokintools.com/wp-content/uploads/2023/09/575302.jpg
575201,PLASTIC HOSE REPAIR (SPECIALLY FOR 110-120V MARKET),garden-tools,https://www.wokintools.com/wp-content/uploads/2023/09/575201.jpg
575101,PLASTIC TWIST SPRAY NOZZLE (SPECIALLY FOR 110-120V MARKET),garden-tools,https://www.wokintools.com/wp-content/uploads/2023/09/575101.jpg
575910,PLASTIC MULTI-PATTEN (8) NOZZLE (SPECIALLY FOR 110-120V MARKET),garden-tools,https://www.wokintools.com/wp-content/uploads/2023/09/575910.jpg
574701,GARDEN HOSE,garden-tools,https://www.wokintools.com/wp-content/uploads/2021/09/GARDEN-HOSE.jpg
573102,2L GARDEN SPRAYER,garden-tools,https://www.wokintools.com/wp-content/uploads/2023/09/573102.jpg
831102,AIR COMPRESSOR (SPECIALLY FOR 110-120V MARKET),pneumatic-tools,https://www.wokintools.com/wp-content/uploads/2021/09/AIR-COMPRESSOR.jpg
843501,MALE STEEL COUPLING (SPECIALLY FOR 110-120V MARKET),pneumatic-tools,https://www.wokintools.com/wp-content/uploads/2023/09/843501.jpg
843401,FEMALE STEEL COUPLING (SPECIALLY FOR 110-120V MARKET),pneumatic-tools,https://www.wokintools.com/wp-content/uploads/2023/09/843401.jpg
843101,1/4 IN. MALE STEEL INDUSTRIAL PLUG (SPECIALLY FOR 110-120V MARKET),pneumatic-tools,https://www.wokintools.com/wp-content/uploads/2023/09/843101.jpg
843001,1/4 IN. FEMALE STEEL INDUSTRIAL PLUG (SPECIALLY FOR 110-120V MARKET),pneumatic-tools,https://www.wokintools.com/wp-content/uploads/2023/09/843001.jpg
843201,1/4 IN. MALE STEEL INDUSTRIAL COUPLER (SPECIALLY FOR 110-120V MARKET),pneumatic-tools,https://www.wokintools.com/wp-content/uploads/2023/09/843201.jpg
843301,1/4 IN. FEMALE STEEL INDUSTRIAL COUPLER (SPECIALLY FOR 110-120V MARKET),pneumatic-tools,https://www.wokintools.com/wp-content/uploads/2023/09/843301.jpg
843906,6PCS STEEL COUPLER CONNECTOR KIT (SPECIALLY FOR 110-120V MARKET),pneumatic-tools,https://www.wokintools.com/wp-content/uploads/2023/09/843906.jpg
843905,5PCS STEEL COUPLER CONNECTOR KIT (SPECIALLY FOR 110-120V MARKET),pneumatic-tools,https://www.wokintools.com/wp-content/uploads/2023/09/843905.jpg
815127,25FT 300PSI AIR HOSE (SPECIALLY FOR 110-120V MARKET),pneumatic-tools,https://www.wokintools.com/wp-content/uploads/2023/09/815107.jpg
815210,AIR HOSE (SPECIALLY FOR 110-120V MARKET),pneumatic-tools,https://www.wokintools.com/wp-content/uploads/2023/09/815210.jpg
844005,5PCS AIR TOOLS KIT (SPECIALLY FOR 110-120V MARKET),pneumatic-tools,https://www.wokintools.com/wp-content/uploads/2023/09/844005.jpg
817402,QUICK COUPLER (EUROPEAN TYPE),pneumatic-tools,https://www.wokintools.com/wp-content/uploads/2023/09/817402.jpg
817302,QUICK COUPLER (EUROPEAN TYPE),pneumatic-tools,https://www.wokintools.com/wp-content/uploads/2023/09/817302.jpg
817202,QUICK PLUG (EUROPEAN TYPE),pneumatic-tools,https://www.wokintools.com/wp-content/uploads/2023/09/817202.jpg
817102,QUICK PLUG (EUROPEAN TYPE),pneumatic-tools,https://www.wokintools.com/wp-content/uploads/2023/09/817102.jpg
818125,CROWN STAPLE,pneumatic-tools,https://www.wokintools.com/wp-content/uploads/2023/09/818125.jpg
818025,BRAD NAIL,pneumatic-tools,https://www.wokintools.com/wp-content/uploads/2023/09/818025.jpg
789700,CHUCK KEY,power-tools|power-tools-110-120v-market,https://www.wokintools.com/wp-content/uploads/2023/09/789700-1.jpg
789511,KEY CHUCK,power-tools-110-120v-market,https://www.wokintools.com/wp-content/uploads/2023/09/789511-1.jpg
789506,KEYLESS DRILL CHUCK,power-tools-110-120v-market,https://www.wokintools.com/wp-content/uploads/2023/09/789506-1.jpg
789501,KEY TYPE DRILL CHUCK,power-tools-110-120v-market,https://www.wokintools.com/wp-content/uploads/2023/09/789501-1.jpg
857530,VACUUM CLEANER (SPECIALLY FOR 110-120V MARKET),power-tools-110-120v-market,https://www.wokintools.com/wp-content/uploads/2023/09/857530.jpg
857420,VACUUM CLEANER (SPECIALLY FOR 110-120V MARKET),power-tools-110-120v-market,https://www.wokintools.com/wp-content/uploads/2023/09/857420-1.jpg
857315,VACUUM CLEANER (SPECIALLY FOR 110-120V MARKET),power-tools-110-120v-market,https://www.wokintools.com/wp-content/uploads/2023/09/857315.jpg
856006,BENCH GRINDER (SPECIALLY FOR 110-120V MARKET),power-tools-110-120v-market,https://www.wokintools.com/wp-content/uploads/2023/09/856006.jpg
855504,2A 1/4” SHEET SANDER (SPECIALLY FOR 110-120V MARKET),power-tools-110-120v-market,https://www.wokintools.com/wp-content/uploads/2023/09/855504.jpg
855305,2.8A RANDOM ORBITAL SANDER (SPECIALLY FOR 110-120V MARKET),power-tools-110-120v-market,https://www.wokintools.com/wp-content/uploads/2023/09/855305.jpg
855025,15A CUT-OFF SAW (INDUSTRIAL) (SPECIALLY FOR 110-120V MARKET),power-tools-110-120v-market,https://www.wokintools.com/wp-content/uploads/2023/09/855025.jpg
851602,18A ANGLE GRINDER (INDUSTRIAL) (SPECIALLY FOR 110-120V MARKET),power-tools-110-120v-market,https://www.wokintools.com/wp-content/uploads/2023/09/851602.jpg
851507,6.5A ANGLE GRINDER (INDUSTRIAL) (SPECIALLY FOR 110-120V MARKET),power-tools-110-120v-market,https://www.wokintools.com/wp-content/uploads/2023/09/851507.jpg
851205,4.2A ELECTRIC DRILL (SPECIALLY FOR 110-120V MARKET),power-tools-110-120v-market,https://www.wokintools.com/wp-content/uploads/2023/09/851205.jpg
851075,6A HAMMER DRILL (INDUSTRIAL) (SPECIALLY FOR 110-120V MARKET),power-tools-110-120v-market,https://www.wokintools.com/wp-content/uploads/2023/09/851075.jpg
780702,LI-ION CORDLESS DRILL (SPECIALLY FOR 110-120V MARKET),cordless-tools,https://www.wokintools.com/wp-content/uploads/2023/09/780702.jpg
783218,1800W MIXER (INDUSTRIAL),power-tools,https://www.wokintools.com/wp-content/uploads/2023/09/783218.jpg
783403,300W OSCILLATING MULTI-TOOL,power-tools,https://www.wokintools.com/wp-content/uploads/2023/09/783403.jpg
783109,900W ELECTRIC PLANER,power-tools,https://www.wokintools.com/wp-content/uploads/2023/09/783109.jpg
783008,810W BELT SANDER,power-tools,https://www.wokintools.com/wp-content/uploads/2023/09/783008.jpg
784707,760W ANGLE GRINDER (INDUSTRIAL),power-tools,https://www.wokintools.com/wp-content/uploads/2023/09/784776.jpg
785601,ROTARY HAMMER (INDUSTRIAL),power-tools,https://www.wokintools.com/wp-content/uploads/2023/09/785601.jpg
785812,1250W ROTARY HAMMER (INDUSTRIAL),power-tools,https://www.wokintools.com/wp-content/uploads/2023/09/785812.jpg
777004,SANDING SHEET FOR PALM DETAIL SANDER,power-tools-accessories,https://www.wokintools.com/wp-content/uploads/2023/09/777004.jpg
776004,SANDING SHEET FOR RANDOM ORBITAL SANDER,power-tools-accessories,https://www.wokintools.com/wp-content/uploads/2023/09/776004.jpg
759020,TITANIUM COATED STEP DRILL BIT,power-tools-accessories,https://www.wokintools.com/wp-content/uploads/2023/09/759032.jpg
604503,3-LED TELESCOPING PICK UP TOOL (INDUSTRIAL),lighting-tools,https://www.wokintools.com/wp-content/uploads/2023/09/604503.jpg
686004,4PCS ANTI-FATIGUE JOINT MAT SET,hardware-and-others,https://www.wokintools.com/wp-content/uploads/2023/09/686004.jpg
682005,STEEL LADDER,hardware-and-others,https://www.wokintools.com/wp-content/uploads/2023/09/682005.jpg
682004,STEEL LADDER,hardware-and-others,https://www.wokintools.com/wp-content/uploads/2023/09/682004.jpg
682003,STEEL LADDER,hardware-and-others,https://www.wokintools.com/wp-content/uploads/2023/09/682003.jpg
685106,WHEEL BARROW,lifting-and-handing-equipment,https://www.wokintools.com/wp-content/uploads/2023/09/685106.jpg
685006,WHEEL BARROW,lifting-and-handing-equipment,https://www.wokintools.com/wp-content/uploads/2023/09/685006.jpg
683510,HANDTRUCK-TIRE,lifting-and-handing-equipment,https://www.wokintools.com/wp-content/uploads/2023/09/683510.jpg
683310,HAND-TRUCK,lifting-and-handing-equipment,https://www.wokintools.com/wp-content/uploads/2023/09/683310.jpg
683210,P-HANDLE HAND-TRUCK,lifting-and-handing-equipment,https://www.wokintools.com/wp-content/uploads/2023/09/683210.jpg
681030,FOLDABLE PLATFORM HAND TRUCK,lifting-and-handing-equipment,https://www.wokintools.com/wp-content/uploads/2023/09/FOLDABLE-PLATFORM-HAND-TRUCK.jpg
655003,MAGNIFIER,hardware-and-others,https://www.wokintools.com/wp-content/uploads/2023/09/655003.jpg
654603,SUPER GLUE (INCLUDED 12PCS),hardware-and-others,https://www.wokintools.com/wp-content/uploads/2023/09/654603.jpg
738005,ELECTRIC HOIST (INDUSTRIAL),lifting-and-handing-equipment,https://www.wokintools.com/wp-content/uploads/2023/09/738005.jpg
738012,ELECTRIC HOIST (INDUSTRIAL),lifting-and-handing-equipment,https://www.wokintools.com/wp-content/uploads/2023/09/738002.jpg
738101,CHAIN BLOCK,lifting-and-handing-equipment,https://www.wokintools.com/wp-content/uploads/2023/09/738101.jpg
451710,HEAVY DUTY LATEX COATED PALM GLOVES (INDUSTRIAL),ppe,https://www.wokintools.com/wp-content/uploads/2023/09/451710.jpg
602120,LED BULB,lighting-tools,https://www.wokintools.com/wp-content/uploads/2023/09/602120.jpg
602005,LED BULB,lighting-tools,https://www.wokintools.com/wp-content/uploads/2023/09/602005.jpg
604103,WORKLIGHT,lighting-tools,https://www.wokintools.com/wp-content/uploads/2021/09/WORKLIGHT.jpg
551008,DIGITAL CLAMP MULTIMETER,electrical-tools,https://www.wokintools.com/wp-content/uploads/2023/09/551008.jpg
551000,DIGITAL MULTIMETER,electrical-tools,https://www.wokintools.com/wp-content/uploads/2023/09/551000.jpg
324201,10PCS ABRASIVE PAPER SHEET SET,finishing-tools,https://www.wokintools.com/wp-content/uploads/2023/09/324201.jpg
324002,10PCS ABRASIVE PAPER SHEET SET,finishing-tools,https://www.wokintools.com/wp-content/uploads/2023/09/324002.jpg
333508,PP-R PIPE WELDING MACHINE SET,plumbing-tools,https://www.wokintools.com/wp-content/uploads/2023/09/333508.jpg
301810,10PCS BLADE SET,cutting-tools,https://www.wokintools.com/wp-content/uploads/2023/09/301810.jpg
253315,HATCHET,striking-tools,https://www.wokintools.com/wp-content/uploads/2023/09/253315.jpg
252716,RIP HAMMER,striking-tools,https://www.wokintools.com/wp-content/uploads/2023/09/252716.jpg
250702,SLEDGE HAMMER,striking-tools,https://www.wokintools.com/wp-content/uploads/2023/09/250702.jpg
108710,CHAIN CLAMP LOCKING PLIERS (INDUSTRIAL),holding-tools,https://www.wokintools.com/wp-content/uploads/2023/09/108710.jpg
108610,SHEET METAL CLAMP,holding-tools,https://www.wokintools.com/wp-content/uploads/2023/09/108610.jpg
108509,WELDING CLAMP,holding-tools,https://www.wokintools.com/wp-content/uploads/2023/09/108509.jpg
223514,14PCS NUT SOCKET SET,fastening-tools,https://www.wokintools.com/wp-content/uploads/2023/09/223514.jpg
212333,33PCS MAGNETIC BIT HOLDER SET,fastening-tools,https://www.wokintools.com/wp-content/uploads/2023/09/212333.jpg
202808,8PCS SCREWDRIVER SET,fastening-tools,https://www.wokintools.com/wp-content/uploads/2023/09/202808-1.jpg
202706,6PCS SCREWDRIVERS SET,fastening-tools,https://www.wokintools.com/wp-content/uploads/2023/09/202706-1.jpg
202604,4PCS SCREWDRIVERS SET,fastening-tools,https://www.wokintools.com/wp-content/uploads/2023/09/202604-1.jpg
202502,2PCS SCREWDRIVERS SET,fastening-tools,https://www.wokintools.com/wp-content/uploads/2023/09/202502-1.jpg
202501,2PCS STUBBY SCREWDRIVERS SET,fastening-tools,https://www.wokintools.com/wp-content/uploads/2023/09/202501-2.jpg
202233,SCREWDRIVER,fastening-tools,https://www.wokintools.com/wp-content/uploads/2023/09/202233-202286.jpg
202033,SCREWDRIVER,fastening-tools,https://www.wokintools.com/wp-content/uploads/2023/09/202033-202086.jpg
232510,10PCS 1/2&#8243; DEEP IMPACT SOCKET SET (INDUSTRIAL),mechanics-tools,https://www.wokintools.com/wp-content/uploads/2023/09/232510.jpg
232010,10PCS 1/2&#8243; IMPACT SOCKET SET (INDUSTRIAL),mechanics-tools,https://www.wokintools.com/wp-content/uploads/2023/09/232010.jpg
233003,3PCS 1/2&#8243; IMPACT SOCKET SET (INDUSTRIAL),mechanics-tools,https://www.wokintools.com/wp-content/uploads/2023/09/233003.jpg
231412,IMPACT ADAPTOR (INDUSTRIAL),mechanics-tools,https://www.wokintools.com/wp-content/uploads/2023/09/231412.jpg
231103,1/2&#8243; DRIVE IMPACT EXTENSION BAR (INDUSTRIAL),mechanics-tools,https://www.wokintools.com/wp-content/uploads/2023/09/231103.jpg
230508,1/2&#8243; DRIVE DEEP IMPACT SOCKET (INDUSTRIAL),mechanics-tools,https://www.wokintools.com/wp-content/uploads/2023/09/230508.jpg
231312,1/2&#8243; DRIVE IMPACT UNIVERSAL JOINT (INDUSTRIAL),mechanics-tools,https://www.wokintools.com/wp-content/uploads/2023/09/231312.jpg
155815,215PCS SOCKET SET (INDUSTRIAL),tool-sets,https://www.wokintools.com/wp-content/uploads/2023/09/155815.jpg
155797,197PCS SOCKET SET (INDUSTRIAL),tool-sets,https://www.wokintools.com/wp-content/uploads/2021/09/wokin-197pcs-socket-set.jpg
155424,24PCS 1/2&#8243; SOCKET SET (INDUSTRIAL),tool-sets,https://www.wokintools.com/wp-content/uploads/2021/09/wokin-24pcs-1-2-socket-set-metal-case.jpg
230008,1/2&#8243; DRIVE IMPACT SOCKET (INDUSTRIAL),mechanics-tools,https://www.wokintools.com/wp-content/uploads/2023/09/230008.jpg
152609,9PCS L-TYPE WRENCH SET (INDUSTRIAL),mechanics-tools,https://www.wokintools.com/wp-content/uploads/2023/09/9PCS-L-TYPE-WRENCH-SET.jpg
152605,5PCS L-TYPE WRENCH SET (INDUSTRIAL),mechanics-tools,https://www.wokintools.com/wp-content/uploads/2023/09/152605.jpg
300009,SNAP-OFF BLADE KNIFE,cutting-tools,https://www.wokintools.com/wp-content/uploads/2023/09/300009.jpg
852315,12.5A HOT AIR GUN (SPECIALLY FOR 110-120V MARKET),power-tools-110-120v-market,https://www.wokintools.com/wp-content/uploads/2023/09/852315.jpg
852180,6.5 AMP JIG SAW (SPECIALLY FOR 110-120V MARKET),power-tools-110-120v-market,https://www.wokintools.com/wp-content/uploads/2023/09/852180.jpg
851813,11A CIRCULAR SAW (INDUSTRIAL) (SPECIALLY FOR 110-120V MARKET),power-tools-110-120v-market,https://www.wokintools.com/wp-content/uploads/2023/09/851813-1.jpg
852608,7A ROTARY HAMMER (INDUSTRIAL) (SPECIALLY FOR 110-120V MARKET),power-tools-110-120v-market,https://www.wokintools.com/wp-content/uploads/2023/09/852608.jpg
907001,BACKPACK,tool-bag-and-storage,https://www.wokintools.com/wp-content/uploads/2023/09/907001.jpg
786119,1700W DEMOLITION HAMMER (INDUSTRIAL),power-tools,https://www.wokintools.com/wp-content/uploads/2023/09/786119-1.jpg
452539,SAFETY BOOTS (INDUSTRIAL),ppe,https://www.wokintools.com/wp-content/uploads/2023/09/452539-2.jpg
722502,2PCS TELESCOPIC PICK-UP TOOL SET,automotive-tools,https://www.wokintools.com/wp-content/uploads/2023/09/722502.jpg
724206,MAGNETIC PARTS BOWL,automotive-tools,https://www.wokintools.com/wp-content/uploads/2023/09/724206.jpg
901510,163PCS ROLLER CABINET TOOLS SET (INDUSTRIAL),tool-sets,https://www.wokintools.com/wp-content/uploads/2023/09/901510-2.jpg
901098,98PCS TOOL CHEST SET (INDUSTRIAL),tool-sets,https://www.wokintools.com/wp-content/uploads/2020/11/98PCS-TOOL-CHEST-SET.jpg
312007,BYPASS PATTERN PRUNING SHEARS,garden-tools,https://www.wokintools.com/wp-content/uploads/2023/09/312007.jpg
793545,PETROL BRUSH CUTTER AND LINE TRIMMER (INDUSTRIAL),garden-tools,https://www.wokintools.com/wp-content/uploads/2020/11/43CC-PETROL-BRUSH-CUTTER-AND-LINE-TRIMMER-1.jpg
793052,GASOLINE CHAIN SAW (INDUSTRIAL),garden-tools,https://www.wokintools.com/wp-content/uploads/2023/09/793052.jpg
805010,AIR IMPACT WRENCH (INDUSTRIAL),pneumatic-tools,https://www.wokintools.com/wp-content/uploads/2023/09/805010-1.jpg
816005,5PCS AIR TOOLS KIT,pneumatic-tools,https://www.wokintools.com/wp-content/uploads/2023/09/816005.jpg
803010,1.4MM 1000CC HVLP AIR SPRAY GUN (INDUSTRIAL),pneumatic-tools,https://www.wokintools.com/wp-content/uploads/2023/09/803010-1.jpg
802001,0.8MM 110CC HVLP AIR SPRAY GUN (INDUSTRIAL),pneumatic-tools,https://www.wokintools.com/wp-content/uploads/2023/09/802001-1.jpg
800006,1.4MM 600CC HVLP AIR SPRAY GUN,pneumatic-tools,https://www.wokintools.com/wp-content/uploads/2023/09/800006-1.jpg
791280,8000W GASOLINE GENERATOR (INDUSTRIAL),generators,https://www.wokintools.com/wp-content/uploads/2020/11/8000W-GASOLINE-GENERATOR.jpg
791255,5500W GASOLINE GENERATOR (INDUSTRIAL),generators,https://www.wokintools.com/wp-content/uploads/2020/11/5500W-GASOLINE-GENERATOR.jpg
791230,3000W GASOLINE GENERATOR (INDUSTRIAL),generators,https://www.wokintools.com/wp-content/uploads/2020/11/3000W-GASOLINE-GENERATOR.jpg
790602,GASOLINE PUMP (INDUSTRIAL),power-tools|power-tools-110-120v-market,https://www.wokintools.com/wp-content/uploads/2023/09/790602.jpg
791015,1100W PUMP CONTROL,power-tools,https://www.wokintools.com/wp-content/uploads/2023/09/791015.jpg
790310,750W JET PUMP,power-tools,https://www.wokintools.com/wp-content/uploads/2020/11/JET-PUMP.jpg
790275,750W CENTRIFUGAL PUMP,power-tools,https://www.wokintools.com/wp-content/uploads/2020/11/CENTRIFUGAL-PUMP.jpg
790137,370W PERIPHERAL PUMP,power-tools,https://www.wokintools.com/wp-content/uploads/2020/11/PERIPHERAL-PUMP.jpg
792140,400W HVLP HAND HELD SPRAY GUN,power-tools,https://www.wokintools.com/wp-content/uploads/2023/09/792140.jpg
792011,110W SOLENOID SPRAY GUN,power-tools,https://www.wokintools.com/wp-content/uploads/2023/09/792011.jpg
789331,1500W DRILL PRESS (INDUSTRIAL),power-tools,https://www.wokintools.com/wp-content/uploads/2023/09/789331.jpg
789321,750W DRILL PRESS (INDUSTRIAL),power-tools,https://www.wokintools.com/wp-content/uploads/2023/09/789321.jpg
789320,550W DRILL PRESS (INDUSTRIAL),power-tools,https://www.wokintools.com/wp-content/uploads/2023/09/789320-1.jpg
789310,350W DRILL PRESS,power-tools,https://www.wokintools.com/wp-content/uploads/2023/09/789310.jpg
789006,BENCH GRINDER,power-tools,https://www.wokintools.com/wp-content/uploads/2023/09/789006.jpg
786213,108PCS MULTI-TOOL KIT,power-tools,https://www.wokintools.com/wp-content/uploads/2023/09/786213.jpg
789271,710W RECIPROCATING SAW,power-tools,https://www.wokintools.com/wp-content/uploads/2023/09/789271.jpg
784685,850W 125MM ANGLE GRINDER (INDUSTRIAL),power-tools,https://www.wokintools.com/wp-content/uploads/2023/09/784685.jpg
784776,760W 115MM ANGLE GRINDER (INDUSTRIAL),power-tools,https://www.wokintools.com/wp-content/uploads/2023/09/784776.jpg
784275,750W HAMMER DRILL (INDUSTRIAL),power-tools,https://www.wokintools.com/wp-content/uploads/2023/09/784275.jpg
784040,400W ELECTRIC DRILL,power-tools,https://www.wokintools.com/wp-content/uploads/2023/09/784040.jpg
780201,3.6V CORDLESS SCREWDRIVER,cordless-tools,https://www.wokintools.com/wp-content/uploads/2023/09/780201.jpg
775804,ZIRCONIA OXIDE FLAP DISC (FIBRE BACKING (TYPE 29)),power-tools-accessories,https://www.wokintools.com/wp-content/uploads/2023/09/775804-1.jpg
776325,ABRASIVE FLAP WHEELS,power-tools-accessories,https://www.wokintools.com/wp-content/uploads/2023/09/776325.jpg
770505,CIRCULAR WIRE BRUSH (INDUSTRIAL),power-tools-accessories,https://www.wokintools.com/wp-content/uploads/2023/09/770505.jpg
763510,ULTRATHIN DIAMOND DISC (INDUSTRIAL),power-tools-accessories,https://www.wokintools.com/wp-content/uploads/2023/09/763512.jpg
757550,HOLE CORE BIT,power-tools-accessories,https://www.wokintools.com/wp-content/uploads/2023/09/757550.jpg
754703,GLASS DRILL BIT,power-tools-accessories,https://www.wokintools.com/wp-content/uploads/2023/09/754703.jpg
754303,WOOD DRILL BIT (INDUSTRIAL),power-tools-accessories,https://www.wokintools.com/wp-content/uploads/2023/09/754301.jpg
724014,MAGNETIC WRIST BAND,hardware-and-others,https://www.wokintools.com/wp-content/uploads/2023/09/724014-1.jpg
651221,NYLON CABLE TIE (INDUSTRIAL),hardware-and-others,https://www.wokintools.com/wp-content/uploads/2023/09/651221-1.jpg
585025,MAGNETIC WELDING HOLDER,welding-tools,https://www.wokintools.com/wp-content/uploads/2023/09/585025.jpg
581116,INVERTER MMA DC WELDING MACHINE (INDUSTRIAL),welding-tools,https://www.wokintools.com/wp-content/uploads/2023/09/581116.jpg
736802,JACK STAND (INDUSTRIAL),automotive-tools,https://www.wokintools.com/wp-content/uploads/2023/09/736802.jpg
731503,3-JAW GEAR PULLER (INDUSTRIAL),automotive-tools,https://www.wokintools.com/wp-content/uploads/2023/09/731503.jpg
731403,2-JAW GEAR PULLER (INDUSTRIAL),automotive-tools,https://www.wokintools.com/wp-content/uploads/2023/09/731403.jpg
108112,OIL FILTER PLITERS,automotive-tools,https://www.wokintools.com/wp-content/uploads/2023/09/108112.jpg
108203,THREE LEG OIL FILTER WRENCH (INDUSTRIAL),automotive-tools,https://www.wokintools.com/wp-content/uploads/2023/09/108203.jpg
453001,RAINCOAT,ppe,https://www.wokintools.com/wp-content/uploads/2023/09/453001.jpg
458801,TOOL LANYARDS,ppe,https://www.wokintools.com/wp-content/uploads/2023/09/458801.jpg
458501,SAFETY HARNESS,ppe,https://www.wokintools.com/wp-content/uploads/2023/09/458501-1.jpg
457510,BACK SUPPORT BELT WITH ADJUSTABLE SUSPENDERS,ppe,https://www.wokintools.com/wp-content/uploads/2023/09/457510-1.jpg
458101,KNEE PADS,ppe,https://www.wokintools.com/wp-content/uploads/2023/09/458101.jpg
452202,REFLECTOR VEST,ppe,https://www.wokintools.com/wp-content/uploads/2023/09/452202-1.jpg
457200,EAR MUFF,ppe,https://www.wokintools.com/wp-content/uploads/2023/09/457200-1.jpg
454501,FACE SHIELD (INDUSTRIAL),ppe,https://www.wokintools.com/wp-content/uploads/2023/09/454501.jpg
450310,WORKING GLOVES,ppe,https://www.wokintools.com/wp-content/uploads/2023/09/450310.jpg
552308,AUTO WIRE STRIPPER (INDUSTRIAL),electrical-tools,https://www.wokintools.com/wp-content/uploads/2023/09/552308.jpg
359208,CHALK POWDER,painting-and-masonry-tools,https://www.wokintools.com/wp-content/uploads/2023/09/359208.jpg
356307,GLASS CUTTER,painting-and-masonry-tools,https://www.wokintools.com/wp-content/uploads/2023/09/356307.jpg
354606,"BRICKLAYING TROWEL, PLASTIC HANDLE",painting-and-masonry-tools,https://www.wokintools.com/wp-content/uploads/2023/09/354606.jpg
350401,WALL SCRAPER (INDUSTRIAL),painting-and-masonry-tools,https://www.wokintools.com/wp-content/uploads/2020/11/wokin-industrial-wall-scraper.jpg
502013,FEELER GAUGES,measuring-tools,https://www.wokintools.com/wp-content/uploads/2023/09/502013.jpg
500720,FIBREGLASS MEASURING TAPE,measuring-tools,https://www.wokintools.com/wp-content/uploads/2023/09/500720.jpg
323603,3PCS WIRE BRUSHES SET,finishing-tools,https://www.wokintools.com/wp-content/uploads/2023/09/323603.jpg
333006,PVC PIPE THREADING SET,plumbing-tools,https://www.wokintools.com/wp-content/uploads/2023/09/333006.jpg
332005,5PCS SCREW EXTRACTOR SET,plumbing-tools,https://www.wokintools.com/wp-content/uploads/2023/09/5PCS-SCREW-EXTRACTOR-SET.jpg
107603,CORNER CLAMP (INDUSTRIAL),holding-tools,https://www.wokintools.com/wp-content/uploads/2023/09/107603-1.jpg
101910,10&#8243; FENCING PLIER,holding-tools,https://www.wokintools.com/wp-content/uploads/2023/09/101910.jpg
102506,SLIP JOINT PLIERS,holding-tools,https://www.wokintools.com/wp-content/uploads/2023/09/102506.jpg
217301,HEAVY DUTY 3 WAY STAPLE GUN &#038; TACKER SET(INDUSTRIAL),fastening-tools,https://www.wokintools.com/wp-content/uploads/2023/09/217301.jpg
207809,9PCS TORX LONG ARM HEX KEY SET,fastening-tools,https://www.wokintools.com/wp-content/uploads/2023/09/207809.jpg
222660,SCREWDRIVER BIT HOLDER WITH QUICK RELEASE (INDUSTRIAL),fastening-tools,https://www.wokintools.com/wp-content/uploads/2023/09/222660.jpg
212232,32PCS SCREWDRIVER BIT SET (INDUSTRIAL),fastening-tools,https://www.wokintools.com/wp-content/uploads/2023/09/212232-1.jpg
155694,94PCS 1/4&#8243;&#038;1/2&#8243; DRIVE SOCKET SET (INDUSTRIAL),tool-sets,https://www.wokintools.com/wp-content/uploads/2020/11/wokin-94pcs-1-4-and-1-2-drive-socket-set.jpg
102816,T-HANDLE SPARK PLUG SOCKET WRENCH,mechanics-tools,https://www.wokintools.com/wp-content/uploads/2023/09/102821.jpg
210910,2PCS SCREWDRIVER BIT SET (INDUSTRIAL),fastening-tools,https://www.wokintools.com/wp-content/uploads/2023/09/210910.jpg
210801,2PCS SCREWDRIVER BIT SET (INDUSTRIAL),fastening-tools,https://www.wokintools.com/wp-content/uploads/2023/09/210801.jpg
210701,2PCS SCREWDRIVER BIT SET (INDUSTRIAL),fastening-tools,https://www.wokintools.com/wp-content/uploads/2023/09/210701.jpg
210640,2PCS SCREWDRIVER BIT SET (INDUSTRIAL),fastening-tools,https://www.wokintools.com/wp-content/uploads/2023/09/210640.jpg
210310,2PCS SCREWDRIVER BIT SET (INDUSTRIAL),fastening-tools,https://www.wokintools.com/wp-content/uploads/2023/09/210310.jpg
210201,2PCS SCREWDRIVER BIT SET (INDUSTRIAL),fastening-tools,https://www.wokintools.com/wp-content/uploads/2023/09/210201.jpg
210101,2PCS SCREWDRIVER BIT SET (INDUSTRIAL),fastening-tools,https://www.wokintools.com/wp-content/uploads/2023/09/210101.jpg
210040,2PCS SCREWDRIVER BIT SET (INDUSTRIAL),fastening-tools,https://www.wokintools.com/wp-content/uploads/2023/09/210040.jpg
151608,FLEXIBLE HEAD COMBINATION RATCHET SPANNER (INDUSTRIAL),mechanics-tools,https://www.wokintools.com/wp-content/uploads/2023/09/151608.jpg
303210,TIN SNIPS,cutting-tools,https://www.wokintools.com/wp-content/uploads/2023/09/303210.jpg
663220,HAND CABLE PULLER,lifting-and-handing-equipment,https://www.wokintools.com/wp-content/uploads/2023/09/663220.jpg
301419,AUTO RETRACTING TRIMMING KNIFE,cutting-tools,https://www.wokintools.com/wp-content/uploads/2023/09/301419-2.jpg
212108,8PCS SCREWDRIVER BIT SET,fastening-tools,https://www.wokintools.com/wp-content/uploads/2023/09/212108.jpg
212005,10PCS DOUBLE END SCREWDRIVER BIT SET (INDUSTRIAL),fastening-tools,https://www.wokintools.com/wp-content/uploads/2023/09/212005-3.jpg
154108,FLEXIBLE BAR,mechanics-tools,https://www.wokintools.com/wp-content/uploads/2023/09/154108-1.jpg
960030,NONWOVEN BAG,merchandising-and-promotional,https://www.wokintools.com/wp-content/uploads/2023/09/966030.jpg
805064,AIR IMPACT WRENCH (INDUSTRIAL),pneumatic-tools,https://www.wokintools.com/wp-content/uploads/2023/09/805064-1.jpg
814002,2 IN 1 COMBO BRAD NAILER SET (INDUSRIAL),pneumatic-tools,https://www.wokintools.com/wp-content/uploads/2023/09/814002.jpg
772803,3PCS DRILL BRUSH SET,power-tools-accessories,https://www.wokintools.com/wp-content/uploads/2023/09/772803-1.jpg
760811,DEPRESSED CENTRE CUTTING WHEEL (METAL),power-tools-accessories,https://www.wokintools.com/wp-content/uploads/2023/09/DEPRESSED-CENTRE-CUTTING-WHEEL.jpg
750603,1/4&#8243; HEX-DRIVE DRILL BIT,power-tools-accessories,https://www.wokintools.com/wp-content/uploads/2023/09/750603-02.jpg
330308,PVC PIPE CUTTER (INDUSTRIAL),plumbing-tools,https://www.wokintools.com/wp-content/uploads/2023/09/330308-2.jpg
154820,12PCS 3/8&#8243; DRIVE RATCHET HANDLE WITH SOCKETS SET (INDUSTRIAL),mechanics-tools,https://www.wokintools.com/wp-content/uploads/2020/06/wokin-12pcs-3-8-drive-ratchet-handle-with-sockets-set.jpg
150606,DOUBLE OPEN END SPANNER,mechanics-tools,https://www.wokintools.com/wp-content/uploads/2023/09/150606.jpg
960050,NOTE BOOK,merchandising-and-promotional,https://www.wokintools.com/wp-content/uploads/2023/09/960050.jpg
750904,PILOT DRILL,power-tools-accessories,https://www.wokintools.com/wp-content/uploads/2023/09/750904.jpg
750903,PILOT DRILL,power-tools-accessories,https://www.wokintools.com/wp-content/uploads/2023/09/750903.jpg
350306,6 IN 1 PUTTY KNIFE (INDUSTRIAL),painting-and-masonry-tools,https://www.wokintools.com/wp-content/uploads/2020/05/wokin-6-in-1-putty-knife.jpg
207509,9PCS BALL POINT LONG ARM HEX KEY SET,fastening-tools,https://www.wokintools.com/wp-content/uploads/2023/09/207509-1.jpg
200036,SCREWDRIVER (INDUSTRIAL),fastening-tools,https://www.wokintools.com/wp-content/uploads/2020/05/wokin-screwdriver.jpg
455400,SAFETY GOGGLE (CLEAR) (INDUSTRIAL),ppe,https://www.wokintools.com/wp-content/uploads/2023/09/455400-1.jpg
552006,CABLE CUTTER,electrical-tools,https://www.wokintools.com/wp-content/uploads/2023/09/552006.jpg
251108,CLAW HAMMER,striking-tools,https://www.wokintools.com/wp-content/uploads/2023/09/251108.jpg
960060,BALL-POINT PEN,merchandising-and-promotional,https://www.wokintools.com/wp-content/uploads/2023/09/960060.jpg
811020,AIR BLOW GUN,pneumatic-tools,https://www.wokintools.com/wp-content/uploads/2023/09/811020.jpg
810040,AIR TIRE INFLATING GUN,pneumatic-tools,https://www.wokintools.com/wp-content/uploads/2023/09/810040.jpg
763610,TURBO DIAMOND DISC (BASIC),power-tools-accessories,https://www.wokintools.com/wp-content/uploads/2023/09/763610.jpg
763310,WET DIAMOND DISC (BASIC),power-tools-accessories,https://www.wokintools.com/wp-content/uploads/2023/09/763310.jpg
763110,DRY DIAMOND DISC (BASIC),power-tools-accessories,https://www.wokintools.com/wp-content/uploads/2023/09/763110.jpg
762565,TCT SAW BLADE,power-tools-accessories,https://www.wokintools.com/wp-content/uploads/2023/09/762565.jpg
359002,"MARKER PEN, RED",painting-and-masonry-tools,https://www.wokintools.com/wp-content/uploads/2023/09/359002-1.jpg
200808,8PCS SCREWDRIVER SET (INDUSTRIAL),fastening-tools,https://www.wokintools.com/wp-content/uploads/2020/05/wokin-8pcs-screwdriver-set.jpg
200902,2PCS EXTRA LONG SCREWDRIVER SET (INDUSTRIAL),fastening-tools,https://www.wokintools.com/wp-content/uploads/2020/05/wokin-2pcs-extra-long-screwdrivers-set-200902.jpg
200822,2PCS STUBBY SCREWDRIVER SET (INDUSTRIAL),fastening-tools,https://www.wokintools.com/wp-content/uploads/2020/05/wokin-2pcs-stubby-screwdrivers-set-200822.jpg
200802,2PCS SCREWDRIVER SET (INDUSTRIAL),fastening-tools,https://www.wokintools.com/wp-content/uploads/2020/05/wokin-2pcs-screwdrivers-set-200802.jpg
150236,ADJUSTABLE WRENCH (INDUSTRIAL),mechanics-tools,https://www.wokintools.com/wp-content/uploads/2020/05/wokin-adjustable-wrench.jpg
253306,HATCHET,striking-tools,https://www.wokintools.com/wp-content/uploads/2023/09/253306.jpg
736703,3T LOW PROFILE TROLLEY JACK (INDUSTRIAL),automotive-tools,https://www.wokintools.com/wp-content/uploads/2023/09/736703.jpg
561126,INSULATED CABLE CUTTER (PREMIUM LINE),insulated-tools,https://www.wokintools.com/wp-content/uploads/2023/09/561126.jpg
501825,ALUMINIUM STEEL ANGLE SQUARE (INDUSTRIAL),measuring-tools,https://www.wokintools.com/wp-content/uploads/2023/09/501825.jpg
223112,ADAPTOR,fastening-tools,https://www.wokintools.com/wp-content/uploads/2023/09/223112.jpg
223003,3PCS ADAPTOR SET,fastening-tools,https://www.wokintools.com/wp-content/uploads/2023/09/223003.jpg
787960,600W BLOWER (INDUSTRIAL),power-tools,https://www.wokintools.com/wp-content/uploads/2023/09/787960-2.jpg
787840,400W BLOWER,power-tools,https://www.wokintools.com/wp-content/uploads/2023/09/787840-1.jpg
785021,2000W HOT AIR GUN,power-tools,https://www.wokintools.com/wp-content/uploads/2023/09/785021.jpg
788025,2500W CUT-OFF SAW (INDUSTRIAL),power-tools,https://www.wokintools.com/wp-content/uploads/2023/09/788025-2.jpg
787680,850W JIG SAW,power-tools,https://www.wokintools.com/wp-content/uploads/2023/09/787680-1.jpg
787313,1300W CIRCULAR SAW (INDUSTRIAL),power-tools,https://www.wokintools.com/wp-content/uploads/2023/09/787313-2.jpg
787180,800W ROTARY HAMMER (INDUSTRIAL),power-tools,https://www.wokintools.com/wp-content/uploads/2023/09/787180.jpg
786016,1600W DEMOLITION HAMMER (INDUSTRIAL),power-tools,https://www.wokintools.com/wp-content/uploads/2023/09/786016.jpg
784924,2400W ANGLE GRINDER (INDSUTRIAL),power-tools,https://www.wokintools.com/wp-content/uploads/2023/09/784924-1.jpg
784923,2350W ANGLE GRINDER,power-tools,https://www.wokintools.com/wp-content/uploads/2023/09/784923.jpg
784107,HAMMER DRILL (INDUSTRIAL),power-tools,https://www.wokintools.com/wp-content/uploads/2023/09/784108.jpg
566905,INSULATED DISMANTLING KNIFE (PREMIUM LINE),insulated-tools,https://www.wokintools.com/wp-content/uploads/2023/09/566905-1.jpg
566901,INSULATED CABLE KNIFE (PREMIUM LINE),insulated-tools,https://www.wokintools.com/wp-content/uploads/2023/09/566901-1.jpg
561925,INSULATED HEX SCREWDRIVER (PREMIUM LINE),insulated-tools,https://www.wokintools.com/wp-content/uploads/2023/09/561925.jpg
561810,INSULATED TORX SCREWDRIVER (PREMIUM LINE),insulated-tools,https://www.wokintools.com/wp-content/uploads/2023/09/561810.jpg
561525,INSULATED SLOTTED SCREWDRIVER (PREMIUM LINE),insulated-tools,https://www.wokintools.com/wp-content/uploads/2023/09/561525.jpg
355001,"PLASTERING TROWEL, WOODEN HANDLE",painting-and-masonry-tools,https://www.wokintools.com/wp-content/uploads/2023/09/355001-3.jpg
102806,END CUTTING PINCER (INDUSTRIAL),holding-tools,https://www.wokintools.com/wp-content/uploads/2023/09/102806-1.jpg
151508,FIXED COMBINATION GEAR SPANNER (INDUSTRIAL),mechanics-tools,https://www.wokintools.com/wp-content/uploads/2023/09/151508-1.jpg
605005,WORKING LAMP,lighting-tools,https://www.wokintools.com/wp-content/uploads/2023/09/605006-1.jpg
960070,T-SHIRT,merchandising-and-promotional,https://www.wokintools.com/wp-content/uploads/2023/09/960070-2.jpg
960000,CATALOGUE,merchandising-and-promotional,https://www.wokintools.com/wp-content/uploads/2019/08/CATALOGUE-1.jpg
960040,ASHTRAY,merchandising-and-promotional,https://www.wokintools.com/wp-content/uploads/2023/09/960040-2.jpg
960020,CUPS,merchandising-and-promotional,https://www.wokintools.com/wp-content/uploads/2023/09/960020-2.jpg
960010,CAPS,merchandising-and-promotional,https://www.wokintools.com/wp-content/uploads/2023/09/960010-1.jpg
951620,SINGLE LONG HOOK 200MM,tool-bag-and-storage,https://www.wokintools.com/wp-content/uploads/2023/09/951620-2.jpg
951520,DUAL LONG HOOK 200MM,tool-bag-and-storage,https://www.wokintools.com/wp-content/uploads/2023/09/951520-2.jpg
951323,DISPLAY STAND,tool-bag-and-storage,https://www.wokintools.com/wp-content/uploads/2023/09/951023-1.jpg
906513,TOOL POUCH WITH BELT (INDUTSTRIAL),tool-bag-and-storage,https://www.wokintools.com/wp-content/uploads/2023/09/906513-3.jpg
906216,TOOL BAG (INDUTSTRIAL),tool-bag-and-storage,https://www.wokintools.com/wp-content/uploads/2023/09/906216-2.jpg
906117,TOOL BAG (INDUTSTRIAL),tool-bag-and-storage,https://www.wokintools.com/wp-content/uploads/2023/09/906117-4.jpg
906017,TOOL BAG (INDUTSTRIAL),tool-bag-and-storage,https://www.wokintools.com/wp-content/uploads/2023/09/906017-2.jpg
901220,TOOL BOX (INDUSTRIAL),tool-bag-and-storage,https://www.wokintools.com/wp-content/uploads/2023/09/901220-1-2.jpg
901116,TOOL BOX (INDUSTRIAL),tool-bag-and-storage,https://www.wokintools.com/wp-content/uploads/2023/09/901116-1-2.jpg
900139,39 DRAWER PLASTIC PARTS STORAGE HARDWARE AND CRAFT CABINET,tool-bag-and-storage,https://www.wokintools.com/wp-content/uploads/2023/09/900139.jpg
900118,18 DRAWER PLASTIC PARTS STORAGE HARDWARE AND CRAFT CABINET,tool-bag-and-storage,https://www.wokintools.com/wp-content/uploads/2023/09/900118.jpg
900017,HEAVY DUTY PLASTIC TOOL BOX (INDUSTRIAL),tool-bag-and-storage,https://www.wokintools.com/wp-content/uploads/2023/09/900017-3.jpg
900012,PLASTIC TOOL BOX (INDUSTRIAL),tool-bag-and-storage,https://www.wokintools.com/wp-content/uploads/2023/09/900012.jpg
664003,75KG SUCTION CUP LIFTER,hardware-and-others,https://www.wokintools.com/wp-content/uploads/2023/09/664003-1.jpg
664002,50KG SUCTION CUP LIFTER,hardware-and-others,https://www.wokintools.com/wp-content/uploads/2023/09/664002-1.jpg
664001,25KG SUCTION CUP LIFTER,hardware-and-others,https://www.wokintools.com/wp-content/uploads/2023/09/664001-1.jpg
662750,5000KG RATCHET STRAPS (INDUSTRIAL),lifting-and-handing-equipment,https://www.wokintools.com/wp-content/uploads/2023/09/662750-2.jpg
662620,2000KG RATCHET STRAPS (INDUSTRIAL),lifting-and-handing-equipment,https://www.wokintools.com/wp-content/uploads/2023/09/662620-2.jpg
662227,RATCHET TIE DOWN (INDUSTRIAL),lifting-and-handing-equipment,https://www.wokintools.com/wp-content/uploads/2023/09/662227-2.jpg
662504,4PCS RATCHET TIE DOWN SET (INDUSTRIAL),lifting-and-handing-equipment,https://www.wokintools.com/wp-content/uploads/2023/09/662504-3.jpg
662502,2PCS RATCHET TIE DOWN SET (INDUSTRIAL),lifting-and-handing-equipment,https://www.wokintools.com/wp-content/uploads/2023/09/662502-3.jpg
661524,2PCS LUGGAGE ROPE SET,lifting-and-handing-equipment,https://www.wokintools.com/wp-content/uploads/2023/09/661524-2.jpg
661080,BICYCLE LOCK,hardware-and-others,https://www.wokintools.com/wp-content/uploads/2023/09/661080.jpg
660532,IRON PADLOCK,hardware-and-others,https://www.wokintools.com/wp-content/uploads/2023/09/660532-1.jpg
660430,COMBINATION BRASS PADLOCK (INDUSTRIAL),hardware-and-others,https://www.wokintools.com/wp-content/uploads/2023/09/660430-3.jpg
359001,"MARKER PEN, BLACK",painting-and-masonry-tools,https://www.wokintools.com/wp-content/uploads/2023/09/359001-1.jpg
653702,CLOTH DUCT TAPE,hardware-and-others,https://www.wokintools.com/wp-content/uploads/2023/09/653702.jpg
653505,BOPP PACKING TAPE CLEAR,hardware-and-others,https://www.wokintools.com/wp-content/uploads/2023/09/653505.jpg
653405,BOPP PACKING TAPE BROWN,hardware-and-others,https://www.wokintools.com/wp-content/uploads/2023/09/653405-2.jpg
653001,TAPE DISPENSER,hardware-and-others,https://www.wokintools.com/wp-content/uploads/2023/09/653001-2.jpg
651121,NYLON CABLE TIE,hardware-and-others,https://www.wokintools.com/wp-content/uploads/2023/09/651121-2.jpg
651003,DRAIN CLEANER,hardware-and-others,https://www.wokintools.com/wp-content/uploads/2023/09/651003.jpg
650017,CEILING BRUSH,hardware-and-others,https://www.wokintools.com/wp-content/uploads/2023/09/650017.jpg
589700,AUTOMATIC WELDING MASK (INDUSTRIAL),welding-tools,https://www.wokintools.com/wp-content/uploads/2023/09/589700-2.jpg
589600,WELDING MASK,welding-tools,https://www.wokintools.com/wp-content/uploads/2023/09/589600-1.jpg
589500,WELDING MASK,welding-tools,https://www.wokintools.com/wp-content/uploads/2023/09/589500-1.jpg
589000,WELDING GOGGLE,welding-tools,https://www.wokintools.com/wp-content/uploads/2023/09/589000-1.jpg
588010,WELDING GLOVES,welding-tools,https://www.wokintools.com/wp-content/uploads/2023/09/588010-1.jpg
583030,EARTH CLAMP,welding-tools,https://www.wokintools.com/wp-content/uploads/2023/09/583030.jpg
582150,ELECTRODE HOLDER,welding-tools,https://www.wokintools.com/wp-content/uploads/2023/09/582150.jpg
582030,ELECTRODE HOLDER,welding-tools,https://www.wokintools.com/wp-content/uploads/2023/09/582030.jpg
736502,HYDRAULIC TROLLEY JACK (INDUSTRIAL),automotive-tools,https://www.wokintools.com/wp-content/uploads/2023/09/736502-3.jpg
733503,BOOSTER CABLE,automotive-tools,https://www.wokintools.com/wp-content/uploads/2023/09/733503.jpg
728230,FLEXIBLE TUBE FOR GREASE GUN,automotive-tools,https://www.wokintools.com/wp-content/uploads/2023/09/728230.jpg
728050,GREASE GUN (INDUSTRIAL),automotive-tools,https://www.wokintools.com/wp-content/uploads/2023/09/728050-3.jpg
729610,HAND OIL PUMP,automotive-tools,https://www.wokintools.com/wp-content/uploads/2023/09/729616-1.jpg
727606,PE FUNNEL,automotive-tools,https://www.wokintools.com/wp-content/uploads/2023/09/727606-2.jpg
108001,OIL FILTER WRENCH (INDUSTRIAL),automotive-tools,https://www.wokintools.com/wp-content/uploads/2023/09/108002.jpg
459120,PARTICULATE FILTER ORGANIC VAPOR RELIEF (INDUSTRIAL),ppe,https://www.wokintools.com/wp-content/uploads/2023/09/459120-2.jpg
459100,HALF FACEPIECE REUSABLE RESPIRATOR (INDUSTRIAL),ppe,https://www.wokintools.com/wp-content/uploads/2023/09/459100-3.jpg
458000,KNEE PADS,ppe,https://www.wokintools.com/wp-content/uploads/2023/09/458000.jpg
457000,EAR PLUG,ppe,https://www.wokintools.com/wp-content/uploads/2023/09/457000.jpg
455300,SAFETY GOGGLE,ppe,https://www.wokintools.com/wp-content/uploads/2023/09/455300.jpg
455200,SAFETY GOGGLE,ppe,https://www.wokintools.com/wp-content/uploads/2023/09/455200.jpg
455100,SAFETY GOGGLE,ppe,https://www.wokintools.com/wp-content/uploads/2019/08/SAFETY-GOGGLE-1.jpg
455000,SAFETY GOGGLE,ppe,https://www.wokintools.com/wp-content/uploads/2019/08/SAFETY-GOGGLE.jpg
454211,SAFETY HELMET,ppe,https://www.wokintools.com/wp-content/uploads/2023/09/454211-454214.jpg
452339,SAFETY BOOTS (INDUSTRIAL),ppe,https://www.wokintools.com/wp-content/uploads/2023/09/SAFETY-BOOTS.jpg
452102,REFLECTOR VEST,ppe,https://www.wokintools.com/wp-content/uploads/2023/09/452102.jpg
452002,REFLECTOR VEST,ppe,https://www.wokintools.com/wp-content/uploads/2023/09/452002.jpg
451610,PVC WORKING GLOVES,ppe,https://www.wokintools.com/wp-content/uploads/2023/09/451610-3.jpg
451509,"CUT RESISTANCE PROTECTIVE GLOVES, LEVEL 5 (INDUSTRIAL)",ppe,https://www.wokintools.com/wp-content/uploads/2023/09/451509-2.jpg
451414,WELDING GLOVES (INDUSTRIAL),welding-tools,https://www.wokintools.com/wp-content/uploads/2023/09/451414-2.jpg
451410,LEATHER WORKING GLOVES,ppe,https://www.wokintools.com/wp-content/uploads/2023/09/451410-1.jpg
451210,NITRILE GLOVES,ppe,https://www.wokintools.com/wp-content/uploads/2023/09/451210.jpg
451010,WORKING GLOVES,ppe,https://www.wokintools.com/wp-content/uploads/2023/09/451010.jpg
601507,LED FLASHLIGHT,lighting-tools,https://www.wokintools.com/wp-content/uploads/2023/09/601507-1.jpg
601503,LED FLASHLIGHT,lighting-tools,https://www.wokintools.com/wp-content/uploads/2023/09/601503-1.jpg
601007,7 WHITE LED HEAD LIGHT,lighting-tools,https://www.wokintools.com/wp-content/uploads/2023/09/601007.jpg
311922,HEDGE SHEAR,garden-tools,https://www.wokintools.com/wp-content/uploads/2023/09/311922.jpg
311830,LOPPING SHEAR,garden-tools,https://www.wokintools.com/wp-content/uploads/2023/09/311830.jpg
311408,BYPASS PATTERN PRUNING SHEARS (INDUSTRIAL),garden-tools,https://www.wokintools.com/wp-content/uploads/2023/09/311408-2.jpg
311108,STRAIGHT PRUNING SHEARS,garden-tools,https://www.wokintools.com/wp-content/uploads/2023/09/311108.jpg
311008,BYPASS PATTERN PRUNING SHEARS,garden-tools,https://www.wokintools.com/wp-content/uploads/2023/09/311008.jpg
310524,GARDEN SAW BLADE (FOR WET),garden-tools,https://www.wokintools.com/wp-content/uploads/2023/09/310524-2.jpg
310424,GARDEN SAW BLADE (FOR DRY),garden-tools,https://www.wokintools.com/wp-content/uploads/2023/09/310424-1.jpg
310324,BOW SAW,garden-tools,https://www.wokintools.com/wp-content/uploads/2023/09/310324.jpg
310216,HAND SAW,cutting-tools,https://www.wokintools.com/wp-content/uploads/2019/08/HAND-SAW-1.jpg
310012,FOLDABLE SAW,garden-tools,https://www.wokintools.com/wp-content/uploads/2019/08/FOLDABLE-SAW.jpg
574515,AUTOMATIC HOSE REEL SET (INDUSTRIAL),garden-tools,https://www.wokintools.com/wp-content/uploads/2023/09/574515-2.jpg
574045,HOSE REEL,garden-tools,https://www.wokintools.com/wp-content/uploads/2023/09/574045.jpg
571020,ADJUSTABLE NOZZLE,garden-tools,https://www.wokintools.com/wp-content/uploads/2023/09/571020.jpg
572401,HOSE MENDER,garden-tools,https://www.wokintools.com/wp-content/uploads/2023/09/572401.jpg
572201,TAP ADAPTOR,garden-tools,https://www.wokintools.com/wp-content/uploads/2023/09/572201.jpg
572950,4PCS HOSE CONNECTOR SET,garden-tools,https://www.wokintools.com/wp-content/uploads/2023/09/872950.jpg
572910,4PCS HOSE CONNECTOR SET,garden-tools,https://www.wokintools.com/wp-content/uploads/2023/09/572910.jpg
572101,HOSE CONNECTOR,garden-tools,https://www.wokintools.com/wp-content/uploads/2023/09/572101.jpg
569925,25PCS INSULATED HAND TOOLS SET (PREMIUM LINE),insulated-tools,https://www.wokintools.com/wp-content/uploads/2023/09/569925-1.jpg
569918,18PCS INSULATED HAND TOOLS SET (PREMIUM LINE),insulated-tools,https://www.wokintools.com/wp-content/uploads/2023/09/569918-1.jpg
564008,INSULATED ADJUSTABLE WRENCH (PREMIUM LINE),insulated-tools,https://www.wokintools.com/wp-content/uploads/2023/09/564008-1.jpg
562407,7PCS INSULATED PRECISION SCREWDRIVER SET (PREMIUM LINE),insulated-tools,https://www.wokintools.com/wp-content/uploads/2023/09/562407-2.jpg
569406,6PCS INSULATED SCREWDRIVERS SET (PREMIUM LINE),insulated-tools,https://www.wokintools.com/wp-content/uploads/2023/09/569406-2.jpg
562908,8PCS INSULATED SCREWDRIVERS SET (PREMIUM LINE),insulated-tools,https://www.wokintools.com/wp-content/uploads/2023/09/562908-2.jpg
561700,INSULATED POZI SCREWDRIVER (PREMIUM LINE),insulated-tools,https://www.wokintools.com/wp-content/uploads/2023/09/561700-1.jpg
561600,INSULATED PHILLIPS SCREWDRIVER (PREMIUM LINE),insulated-tools,https://www.wokintools.com/wp-content/uploads/2023/09/561600-1.jpg
569811,11PCS INSULATED HAND TOOLS SET (PREMIUM LINE),insulated-tools,https://www.wokintools.com/wp-content/uploads/2023/09/569811-2.jpg
569866,6PCS INSULATED HAND TOOLS SET (PREMIUM LINE),insulated-tools,https://www.wokintools.com/wp-content/uploads/2023/09/569866-2.jpg
501424,INSULATED BOLT CUTTER (PREMIUM LINE),insulated-tools,https://www.wokintools.com/wp-content/uploads/2023/09/501424.jpg
560926,INSULATED WIRE STRIPPING PLIERS (PREMIUM LINE),insulated-tools,https://www.wokintools.com/wp-content/uploads/2023/09/560926.jpg
560626,INSULATED BENT NOSE PLIERS (PREMIUM LINE),insulated-tools,https://www.wokintools.com/wp-content/uploads/2023/09/560606-1.jpg
560526,INSULATED LONG NOSE PLIERS (PREMIUM LINE),insulated-tools,https://www.wokintools.com/wp-content/uploads/2023/09/560526.jpg
560326,INSULATED DIAGONAL CUTTING PLIERS (PREMIUM LINE),insulated-tools,https://www.wokintools.com/wp-content/uploads/2023/09/560326.jpg
560126,INSULATED COMBINATION PLIERS (PREMIUM LINE),insulated-tools,https://www.wokintools.com/wp-content/uploads/2023/09/560126.jpg
205406,6PCS VDE SCREWDRIVERS,electrical-tools,https://www.wokintools.com/wp-content/uploads/2023/09/205406-2.jpg
555520,1KG HOT MELT GLUE STICK SET,electrical-tools,https://www.wokintools.com/wp-content/uploads/2023/09/555520.jpg
555510,12PCS HOT MELT GLUE STICK SET,electrical-tools,https://www.wokintools.com/wp-content/uploads/2023/09/555510.jpg
555115,GLUE GUN,electrical-tools,https://www.wokintools.com/wp-content/uploads/2023/09/555115.jpg
554003,SOLDERING IRON (INDUSTRIAL),electrical-tools,https://www.wokintools.com/wp-content/uploads/2023/09/SOLDERING-IRON.jpg
553506,RATCHET CRIMPING PLIERS (INDUSTRIAL),electrical-tools,https://www.wokintools.com/wp-content/uploads/2023/09/553506-2.jpg
553068,RATCHET MODULAR CRIMPING PLIER (INDUSTRIAL),electrical-tools,https://www.wokintools.com/wp-content/uploads/2023/09/553068-3.jpg
552808,WIRE STRIPPING AND CRIMPING PLIERS (INDUSTRIAL),electrical-tools,https://www.wokintools.com/wp-content/uploads/2023/09/552808-2.jpg
552706,WIRE STRIPPING PLIERS,electrical-tools,https://www.wokintools.com/wp-content/uploads/2023/09/552706-2.jpg
552506,ADJUSTABLE AUTOMATIC WIRE STRIPPER,electrical-tools,https://www.wokintools.com/wp-content/uploads/2023/09/552506-1.jpg
552207,AUTOMATIC WIRE STRIPPER,electrical-tools,https://www.wokintools.com/wp-content/uploads/2023/09/552207-1.jpg
552110,CABLE CUTTER,electrical-tools,https://www.wokintools.com/wp-content/uploads/2023/09/552110-1.jpg
551502,ELECTRICIAN&#8217;S KNIFE (INDUSTRIAL),electrical-tools,https://www.wokintools.com/wp-content/uploads/2023/09/ELECTRICIANS-KNIFE.jpg
551501,ELECTRICIAN&#8217;S KNIFE (INDUSTRIAL),electrical-tools,https://www.wokintools.com/wp-content/uploads/2023/09/551501-3.jpg
551001,DIGITAL MULTIMETER (INDUSTRIAL),electrical-tools,https://www.wokintools.com/wp-content/uploads/2023/09/551001-3.jpg
550000,PVC INSULATING TAPE,electrical-tools,https://www.wokintools.com/wp-content/uploads/2023/09/550000.jpg
362001,FOAM GUN (INDUSTRIAL),painting-and-masonry-tools,https://www.wokintools.com/wp-content/uploads/2023/09/362001-2.jpg
361409,CAULKING GUN (INDUSTRIAL),painting-and-masonry-tools,https://www.wokintools.com/wp-content/uploads/2023/09/361409-2.jpg
361315,PROFESSIONAL CAULKING GUN (INDUSTRIAL),painting-and-masonry-tools,https://www.wokintools.com/wp-content/uploads/2023/09/361315-2.jpg
361309,PROFESSIONAL CAULKING GUN (INDUSTRIAL),painting-and-masonry-tools,https://www.wokintools.com/wp-content/uploads/2023/09/361309-2.jpg
361209,3-IN-1 HEAVY DUTY CAULKING GUN (INDUSTRIAL),painting-and-masonry-tools,https://www.wokintools.com/wp-content/uploads/2023/09/361209-2.jpg
361109,CAULKING GUN,painting-and-masonry-tools,https://www.wokintools.com/wp-content/uploads/2023/09/CAULKING-GUN.jpg
361009,9&#8243; CAULKING GUN,painting-and-masonry-tools,https://www.wokintools.com/wp-content/uploads/2023/09/361009-2.jpg
358912,"CARPENTER PENCIL, BI-COLOR",painting-and-masonry-tools,https://www.wokintools.com/wp-content/uploads/2023/09/358912-1.jpg
358812,CARPENTER PENCIL,painting-and-masonry-tools,https://www.wokintools.com/wp-content/uploads/2023/09/358812-1.jpg
358701,CHALK LINE REEL SET,painting-and-masonry-tools,https://www.wokintools.com/wp-content/uploads/2023/09/358701-1.jpg
358210,BLOCK PLANER (INDUSTRIAL),painting-and-masonry-tools,https://www.wokintools.com/wp-content/uploads/2023/09/358210-3.jpg
358009,PLANER,painting-and-masonry-tools,https://www.wokintools.com/wp-content/uploads/2023/09/planer.jpg
357828,TREPANNING LOCATOR (INDUSTRIAL),painting-and-masonry-tools,https://www.wokintools.com/wp-content/uploads/2023/09/357828-4.jpg
357801,TILE GROUT SAW,painting-and-masonry-tools,https://www.wokintools.com/wp-content/uploads/2023/09/357801.jpg
357640,BLADE FOR TILE CUTTER,painting-and-masonry-tools,https://www.wokintools.com/wp-content/uploads/2023/09/357640.jpg
357280,HEAVY DUTY TILE CUTTER (INDUSTRIAL),painting-and-masonry-tools,https://www.wokintools.com/wp-content/uploads/2023/09/357280-3.jpg
357160,HEAVY DUTY TILE CUTTER (INDUSTRIAL),painting-and-masonry-tools,https://www.wokintools.com/wp-content/uploads/2023/09/357160-3.jpg
357040,TILE CUTTER,painting-and-masonry-tools,https://www.wokintools.com/wp-content/uploads/2023/09/357040.jpg
356013,GLASS CUTTER,painting-and-masonry-tools,https://www.wokintools.com/wp-content/uploads/2023/09/356013.jpg
355701,PLASTERING TROWEL,painting-and-masonry-tools,https://www.wokintools.com/wp-content/uploads/2023/09/355701.jpg
355601,FOAM TROWEL,painting-and-masonry-tools,https://www.wokintools.com/wp-content/uploads/2023/09/355601-1.jpg
355501,FOAM TROWEL,painting-and-masonry-tools,https://www.wokintools.com/wp-content/uploads/2023/09/355501-1.jpg
355102,"PLASTERING TROWEL, PLASTIC HANDLE (INDUSTRIAL)",painting-and-masonry-tools,https://www.wokintools.com/wp-content/uploads/2019/08/wokin-notched-plastering-trowel-plastic-handle.jpg
355101,"PLASTERING TROWEL, PLASTIC HANDLE (INDUSTRIAL)",painting-and-masonry-tools,https://www.wokintools.com/wp-content/uploads/2019/08/wokin-plastering-trowel-plastic-handle.jpg
355002,"PLASTERING TROWEL, WOODEN HANDLE",painting-and-masonry-tools,https://www.wokintools.com/wp-content/uploads/2023/09/355002-1.jpg
354505,"BRICKLAYING TROWEL, PLASTIC  HANDLE",painting-and-masonry-tools,https://www.wokintools.com/wp-content/uploads/2023/09/354505-2.jpg
354306,"BRICKLAYING TROWEL, PLASTIC HANDLE",painting-and-masonry-tools,https://www.wokintools.com/wp-content/uploads/2023/09/354306-2.jpg
354105,"BRICKLAYING TROWEL, PLASTIC HANDLE",painting-and-masonry-tools,https://www.wokintools.com/wp-content/uploads/2023/09/354105-2.jpg
354005,"BRICKLAYING TROWEL, WOODEN HANDLE",painting-and-masonry-tools,https://www.wokintools.com/wp-content/uploads/2023/09/354005-1.jpg
353002,EXTENSION ROD,painting-and-masonry-tools,https://www.wokintools.com/wp-content/uploads/2023/09/353002.jpg
353000,PLASTIC NOZZLE FOR EXTENSION ROD,painting-and-masonry-tools,https://www.wokintools.com/wp-content/uploads/2023/09/353000.jpg
352940,SDS PAINT MIXER,painting-and-masonry-tools,https://www.wokintools.com/wp-content/uploads/2023/09/352940.jpg
352840,PAINT MIXER,painting-and-masonry-tools,https://www.wokintools.com/wp-content/uploads/2023/09/352840-1.jpg
352714,PAINT TRAY,painting-and-masonry-tools,https://www.wokintools.com/wp-content/uploads/2023/09/352714.jpg
352504,4&#8243; ROLLER COVER,painting-and-masonry-tools,https://www.wokintools.com/wp-content/uploads/2023/09/352504.jpg
352404,4&#8243; ROLLER COVER,painting-and-masonry-tools,https://www.wokintools.com/wp-content/uploads/2023/09/352404.jpg
352304,4&#8243; PAINT ROLLER,painting-and-masonry-tools,https://www.wokintools.com/wp-content/uploads/2023/09/352304-2.jpg
352204,4&#8243; PAINT ROLLER,painting-and-masonry-tools,https://www.wokintools.com/wp-content/uploads/2023/09/352204-2.jpg
352010,ROLLER COVER,painting-and-masonry-tools,https://www.wokintools.com/wp-content/uploads/2023/09/352010.jpg
351910,ROLLER COVER,painting-and-masonry-tools,https://www.wokintools.com/wp-content/uploads/2023/09/351910.jpg
351810,PAINT ROLLER FRAME,painting-and-masonry-tools,https://www.wokintools.com/wp-content/uploads/2023/09/351810.jpg
351710,PAINT ROLLER,painting-and-masonry-tools,https://www.wokintools.com/wp-content/uploads/2023/09/351710.jpg
351610,PAINT ROLLER,painting-and-masonry-tools,https://www.wokintools.com/wp-content/uploads/2023/09/351610.jpg
351409,ROLLER COVER,painting-and-masonry-tools,https://www.wokintools.com/wp-content/uploads/2023/09/351409.jpg
351307,ROLLER COVER,painting-and-masonry-tools,https://www.wokintools.com/wp-content/uploads/2023/09/351309.jpg
351209,PAINT ROLLER FRAME,painting-and-masonry-tools,https://www.wokintools.com/wp-content/uploads/2023/09/351209-2.jpg
351109,PAINT ROLLER,painting-and-masonry-tools,https://www.wokintools.com/wp-content/uploads/2019/08/wokin-paint-roller-351109.jpg
351007,PAINT ROLLER,painting-and-masonry-tools,https://www.wokintools.com/wp-content/uploads/2019/08/wokin-paint-roller.jpg
350910,PAINT BRUSH,painting-and-masonry-tools,https://www.wokintools.com/wp-content/uploads/2023/09/350910-1.jpg
350810,CEILING BRUSH,painting-and-masonry-tools,https://www.wokintools.com/wp-content/uploads/2023/09/350810-1.jpg
350610,PAINT BRUSH,painting-and-masonry-tools,https://www.wokintools.com/wp-content/uploads/2023/09/350610-1.jpg
350701,WALL SCRAPER (INDUSTRIAL),painting-and-masonry-tools,https://www.wokintools.com/wp-content/uploads/2019/08/wokin-wall-scraper.jpg
350003,WALL SCRAPER,painting-and-masonry-tools,https://www.wokintools.com/wp-content/uploads/2023/09/350003-1.jpg
506404,SPIRIT LEVEL WITH MAGNETIC (INDUSTRIAL),measuring-tools,https://www.wokintools.com/wp-content/uploads/2023/09/506404-2.jpg
505204,SPIRIT LEVEL,measuring-tools,https://www.wokintools.com/wp-content/uploads/2023/09/505204-1.jpg
505114,HEAVY DUTY CAST LEVEL (INDUSTRIAL),measuring-tools,https://www.wokintools.com/wp-content/uploads/2023/09/505114-2.jpg
505104,BRIDGE SPIRIT LEVEL,measuring-tools,https://www.wokintools.com/wp-content/uploads/2023/09/505104-1.jpg
505002,MINI SPIRIT LEVEL (INDUSTRIAL),measuring-tools,https://www.wokintools.com/wp-content/uploads/2023/09/505002-2.jpg
503001,MICROMETER (INDUSTRIAL),measuring-tools,https://www.wokintools.com/wp-content/uploads/2023/09/503001-2.jpg
502706,DIGITAL CALIPER (INDUSTRIAL),measuring-tools,https://www.wokintools.com/wp-content/uploads/2023/09/502706-3.jpg
502206,VERNIER CALIPER,measuring-tools,https://www.wokintools.com/wp-content/uploads/2023/09/502206.jpg
501712,ANGLE SQUARE,measuring-tools,https://www.wokintools.com/wp-content/uploads/2023/09/501712-1.jpg
501610,ALUMINIUM STEEL ANGLE SQUARE (INDUSTRIAL),measuring-tools,https://www.wokintools.com/wp-content/uploads/2023/09/501610-2.jpg
501508,ANGLE SQUARE,measuring-tools,https://www.wokintools.com/wp-content/uploads/2023/09/501508.jpg
501202,FOLDING RULER,measuring-tools,https://www.wokintools.com/wp-content/uploads/2023/09/501202-1.jpg
501006,STAINLESS STEEL RULER (INDUSTRIAL),measuring-tools,https://www.wokintools.com/wp-content/uploads/2023/09/501006-2.jpg
500620,FIBREGLASS MEASURING TAPE (INDUSTRIAL),measuring-tools,https://www.wokintools.com/wp-content/uploads/2023/09/500620-3.jpg
500453,MEASURING TAPE (METRIC) (INDUSTRIAL),measuring-tools,https://www.wokintools.com/wp-content/uploads/2023/09/500453-3.jpg
500403,MEASURING TAPE (METRIC AND INCH) (INDUSTRIAL),measuring-tools,https://www.wokintools.com/wp-content/uploads/2023/09/500403-3.jpg
500103,MEASURING TAPE (INDUSTRIAL),measuring-tools,https://www.wokintools.com/wp-content/uploads/2023/09/500103-2.jpg
323701,PLASTIC SANDING BLOCK,finishing-tools,https://www.wokintools.com/wp-content/uploads/2023/09/323701.jpg
323513,WIRE BRUSH,finishing-tools,https://www.wokintools.com/wp-content/uploads/2023/09/323513.jpg
323503,WIRE BRUSH,finishing-tools,https://www.wokintools.com/wp-content/uploads/2023/09/323503-1.jpg
323010,UNIVERSAL BRUSH,finishing-tools,https://www.wokintools.com/wp-content/uploads/2019/08/wokin-universal-wire-brush.jpg
322109,"SHARPENING STONES, OVAL SHAPE (INDUSTRIAL)",finishing-tools,https://www.wokintools.com/wp-content/uploads/2023/09/322109-3.jpg
322006,COMBINATION SHARPENING STONES,finishing-tools,https://www.wokintools.com/wp-content/uploads/2023/09/322006.jpg
321806,6PCS NEEDLE FILES SET,finishing-tools,https://www.wokintools.com/wp-content/uploads/2023/09/321806.jpg
321508,3PCS WOOD FILES SET,finishing-tools,https://www.wokintools.com/wp-content/uploads/2019/08/wokin-3pcs-wood-files-set.jpg
320808,3PCS STEEL FILES SET,finishing-tools,https://www.wokintools.com/wp-content/uploads/2019/08/wokin-3pcs-steel-files-set.jpg
320408,STEEL FILES,finishing-tools,https://www.wokintools.com/wp-content/uploads/2019/08/wokin-square-steel-file.jpg
320308,STEEL FILES,finishing-tools,https://www.wokintools.com/wp-content/uploads/2019/08/wokin-triangular-steel-file.jpg
320208,STEEL FILES,finishing-tools,https://www.wokintools.com/wp-content/uploads/2019/08/wokin-round-steel-file.jpg
320108,STEEL FILES,finishing-tools,https://www.wokintools.com/wp-content/uploads/2019/08/wokin-half-round-steel-file.jpg
320008,STEEL FILES,finishing-tools,https://www.wokintools.com/wp-content/uploads/2019/08/wokin-flat-steel-file.jpg
331510,PTFE TAPE,plumbing-tools,https://www.wokintools.com/wp-content/uploads/2023/09/331510-1.jpg
331009,9PCS PIPE THREADING SET (INDUSTRIAL),plumbing-tools,https://www.wokintools.com/wp-content/uploads/2023/09/9-pcs-pipe-threading-set.jpg
330864,PIPE CUTTER (INDUSTRIAL),plumbing-tools,https://www.wokintools.com/wp-content/uploads/2023/09/330864-2.jpg
330732,PIPE CUTTER,plumbing-tools,https://www.wokintools.com/wp-content/uploads/2023/09/330732.jpg
330628,PIPE CUTTER,plumbing-tools,https://www.wokintools.com/wp-content/uploads/2023/09/330628-1.jpg
330522,PIPE CUTTER,plumbing-tools,https://www.wokintools.com/wp-content/uploads/2023/09/330522-1.jpg
330108,PVC PIPE CUTTER,plumbing-tools,https://www.wokintools.com/wp-content/uploads/2023/09/330108-1.jpg
330208,PVC PIPE CUTTER,plumbing-tools,https://www.wokintools.com/wp-content/uploads/2023/09/330208.jpg
789511,KEY CHUCK,power-tools,https://www.wokintools.com/wp-content/uploads/2023/09/789511.jpg
789506,KEYLESS DRILL CHUCK,power-tools,https://www.wokintools.com/wp-content/uploads/2023/09/789506.jpg
789501,KEY TYPE DRILL CHUCK,power-tools,https://www.wokintools.com/wp-content/uploads/2023/09/789501.jpg
784476,760W 100MM ANGLE GRINDER (INDUSTRIAL),power-tools,https://www.wokintools.com/wp-content/uploads/2023/09/784476.jpg
775004,ALUMINIUM OXIDE FLAP DISC (FIBRE BACKING (TYPE 29)),power-tools-accessories,https://www.wokintools.com/wp-content/uploads/2023/09/775004.jpg
772540,PLASTIC BACKING PAD WITH VELCRO (INDUSTRIAL),power-tools-accessories,https://www.wokintools.com/wp-content/uploads/2023/09/772545-2.jpg
772005,5PCS GRANDING MOUNTED STONES SET,power-tools-accessories,https://www.wokintools.com/wp-content/uploads/2023/09/772005.jpg
771605,5PCS WIRE BRUSHES SET,power-tools-accessories,https://www.wokintools.com/wp-content/uploads/2023/09/771605.jpg
771603,3PCS WIRE BRUSHES SET,power-tools-accessories,https://www.wokintools.com/wp-content/uploads/2023/09/771603-2.jpg
771201,WIRE END BRUSH WITH SHANK,power-tools-accessories,https://www.wokintools.com/wp-content/uploads/2023/09/771201-2.jpg
770605,CIRCULAR GRINDING WIRE BRUSH (INDUSTRIAL),power-tools-accessories,https://www.wokintools.com/wp-content/uploads/2023/09/770605-3.jpg
770203,CUP TWIST WIRE BRUSH WITH NUT (HEAVY DUTY)(INDUSTRIAL),power-tools-accessories,https://www.wokintools.com/wp-content/uploads/2023/09/770203-3.jpg
770103,CUP TWIST WIRE BRUSH WITH NUT (INDUSTRIAL),power-tools-accessories,https://www.wokintools.com/wp-content/uploads/2023/09/770103-3.jpg
770003,CUP WIRE BRUSH WITH NUT (INDUSTRIAL),power-tools-accessories,https://www.wokintools.com/wp-content/uploads/2023/09/770003-3.jpg
766712,5PCS JIGSAW BLADES SET (INDUSTRIAL),power-tools-accessories,https://www.wokintools.com/wp-content/uploads/2023/09/766712-2.jpg
766621,5PCS JIGSAW BLADES SET (INDUSTRIAL),power-tools-accessories,https://www.wokintools.com/wp-content/uploads/2023/09/766621-2.jpg
766310,5PCS JIGSAW BLADES SET (INDUSTRIAL),power-tools-accessories,https://www.wokintools.com/wp-content/uploads/2023/09/766310-2.jpg
766206,5PCS JIGSAW BLADES SET (INDUSTRIAL),power-tools-accessories,https://www.wokintools.com/wp-content/uploads/2023/09/766206-3.jpg
766106,5PCS JIGSAW BLADES SET (INDUSTRIAL),power-tools-accessories,https://www.wokintools.com/wp-content/uploads/2023/09/766106-2.jpg
766008,5PCS JIGSAW BLADES SET (INDUSTRIAL),power-tools-accessories,https://www.wokintools.com/wp-content/uploads/2023/09/766008-2.jpg
763810,SEGMENTED TURBO CUP GRINDING WHEEL (INDUSTRIAL),power-tools-accessories,https://www.wokintools.com/wp-content/uploads/2023/09/763810-2.jpg
763410,TURBO DIAMOND DISC (INDUSTRIAL),power-tools-accessories,https://www.wokintools.com/wp-content/uploads/2023/09/763410-1.jpg
763210,WET DIAMOND DISC (INDUSTRIAL),power-tools-accessories,https://www.wokintools.com/wp-content/uploads/2023/09/763210-1.jpg
763010,DRY DIAMOND DISC (INDUSTRIAL),power-tools-accessories,https://www.wokintools.com/wp-content/uploads/2023/09/763010-2.jpg
761242,TCT SAW BLADE,power-tools-accessories,https://www.wokintools.com/wp-content/uploads/2023/09/761242-2.jpg
760411,DEPRESSED CENTRE CUTTING-OFF WHEEL (METAL),power-tools-accessories,https://www.wokintools.com/wp-content/uploads/2019/08/DEPRESSED-CENTRE-CUTTING-OFF-WHEEL.jpg
757011,11PCS DIAMOND CORE DRILL SET (INDUSTRIAL),power-tools-accessories,https://www.wokintools.com/wp-content/uploads/2023/09/757011-3.jpg
756711,11PCS HOLE SAW SET,power-tools-accessories,https://www.wokintools.com/wp-content/uploads/2019/08/11PCS-HOLE-SAW-SET-1.jpg
756708,8PCS HOLE SAW SET,power-tools-accessories,https://www.wokintools.com/wp-content/uploads/2023/09/756708-1.jpg
756603,3PCS STEP DRILL BIT SET,power-tools-accessories,https://www.wokintools.com/wp-content/uploads/2023/09/756603.jpg
796509,9PCS BI-METAL HOLE SAW SET,power-tools-accessories,https://www.wokintools.com/wp-content/uploads/2023/09/9PCS-BI-METAL-HOLE-SAW-SET.jpg
756405,SDS-PLUS ARBOR FOR HOLE SAW,power-tools-accessories,https://www.wokintools.com/wp-content/uploads/2023/09/SDS-PLUS-ARBOR-FOR-HOLE-SAW-1.jpg
756404,SDS-PLUS ARBOR FOR HOLE SAW,power-tools-accessories,https://www.wokintools.com/wp-content/uploads/2023/09/SDS-PLUS-ARBOR-FOR-HOLE-SAW.jpg
756402,ARBOR FOR HOLE SAW (INDUSTRIAL),power-tools-accessories,https://www.wokintools.com/wp-content/uploads/2023/09/756402-2.jpg
756401,ARBOR FOR HOLE SAW (INDUSTRIAL),power-tools-accessories,https://www.wokintools.com/wp-content/uploads/2023/09/756401-2.jpg
756316,TCT HOLE SAW,power-tools-accessories,https://www.wokintools.com/wp-content/uploads/2023/09/756316.jpg
756014,BI-METAL HOLE SAW (INDUSTRIAL),power-tools-accessories,https://www.wokintools.com/wp-content/uploads/2023/09/756014-2.jpg
755812,12PCS CARBIDE ROUTER BIT SET,power-tools-accessories,https://www.wokintools.com/wp-content/uploads/2023/09/755812.jpg
754506,FLAT WOOD BITS,power-tools-accessories,https://www.wokintools.com/wp-content/uploads/2023/09/754506.jpg
752950,SDS-MAX FLAT CHISEL (INDUSTRIAL),power-tools-accessories,https://www.wokintools.com/wp-content/uploads/2023/09/753525-3.jpg
753500,SDS-MAX POINT CHISEL (INDUSTRIAL),power-tools-accessories,https://www.wokintools.com/wp-content/uploads/2023/09/753500-3.jpg
752840,SDS-PLUS FLAT CHISEL (INDUSTRIAL),power-tools-accessories,https://www.wokintools.com/wp-content/uploads/2023/09/752840-3.jpg
752802,SDS-PLUS FLAT CHISEL (INDUSTRIAL),power-tools-accessories,https://www.wokintools.com/wp-content/uploads/2023/09/752802-3.jpg
752801,SDS-PLUS POINT CHISEL (INDUSTRIAL),power-tools-accessories,https://www.wokintools.com/wp-content/uploads/2023/09/752801-3.jpg
755006,SDS-PLUS HAMMER DRILL BITS X-TIP (INDUSTRIAL),power-tools-accessories,https://www.wokintools.com/wp-content/uploads/2023/09/755306-3.jpg
752004,SDS-PLUS HAMMER DRILL BIT,power-tools-accessories,https://www.wokintools.com/wp-content/uploads/2023/09/752106-2.jpg
751203,CONCRETE DRILL BIT,power-tools-accessories,https://www.wokintools.com/wp-content/uploads/2023/09/751203.jpg
751816,16PCS DRILL BIT SET,power-tools-accessories,https://www.wokintools.com/wp-content/uploads/2023/09/751816-1.jpg
751608,8PCS WOOD DRILL BIT SET,power-tools-accessories,https://www.wokintools.com/wp-content/uploads/2023/09/751608-3.jpg
751505,5PCS MASONRY DRILL BIT SET,power-tools-accessories,https://www.wokintools.com/wp-content/uploads/2023/09/751505-1.jpg
751103,MASONRY DRILL BIT,power-tools-accessories,https://www.wokintools.com/wp-content/uploads/2023/09/751103-2.jpg
751019,19PCS HSS TWIST DRILL BIT SET,power-tools-accessories,https://www.wokintools.com/wp-content/uploads/2023/09/751019.jpg
751013,13PCS HSS TWIST DRILL BIT SET,power-tools-accessories,https://www.wokintools.com/wp-content/uploads/2023/09/751013.jpg
750410,CO5% HSS TWIST DRILL BIT (INDUSTRIAL),power-tools-accessories,https://www.wokintools.com/wp-content/uploads/2023/09/750410-3.jpg
750210,M2 HSS TWIST DRILL BIT (INDUSTRIAL),power-tools-accessories,https://www.wokintools.com/wp-content/uploads/2023/09/750210-3.jpg
306112,MITRE BOX WITH BACK SAW SET,cutting-tools,https://www.wokintools.com/wp-content/uploads/2023/09/306112-2.jpg
306006,UNIVERSAL GROUND SAW,cutting-tools,https://www.wokintools.com/wp-content/uploads/2023/09/306006-1.jpg
305802,BI-METAL HACKSAW BLADE (INDUSTRIAL),cutting-tools,https://www.wokintools.com/wp-content/uploads/2023/09/305802-2.jpg
305412,HACKSAW FRAME (INDUSTRIAL),cutting-tools,https://www.wokintools.com/wp-content/uploads/2023/09/305412-2.jpg
305312,HACKSAW FRAME,cutting-tools,https://www.wokintools.com/wp-content/uploads/2023/09/305312-1.jpg
305212,HACKSAW FRAME,cutting-tools,https://www.wokintools.com/wp-content/uploads/2023/09/305212-1.jpg
305112,HACKSAW FRAME,cutting-tools,https://www.wokintools.com/wp-content/uploads/2019/08/wokin-hacksaw-frame-305112.jpg
305603,MINI HACKSAW BLADE (INDUSTRIAL),cutting-tools,https://www.wokintools.com/wp-content/uploads/2023/09/305603-3.jpg
305016,MINI HACKSAW FRAME,cutting-tools,https://www.wokintools.com/wp-content/uploads/2023/09/305016-1.jpg
305006,MINI HACKSAW FRAME (INDUSTRIAL),cutting-tools,https://www.wokintools.com/wp-content/uploads/2023/09/305006-2.jpg
304314,MULTIPURPOSE PLIERS,cutting-tools,https://www.wokintools.com/wp-content/uploads/2023/09/304314-1.jpg
304208,8.5&#8243; MULTI-PURPOSE KITCHEN SCISSORS (INDUSTRIAL),cutting-tools,https://www.wokintools.com/wp-content/uploads/2023/09/304208-1.jpg
304008,8&#8243; KITCHEN SCISSORS,cutting-tools,https://www.wokintools.com/wp-content/uploads/2023/09/304008-1.jpg
303908,8&#8243; HOUSEHOLD SCISSORS,cutting-tools,https://www.wokintools.com/wp-content/uploads/2023/09/303908-1.jpg
303855,ELECTRICIAN&#8217;S SCISSORS (INDUSTRIAL),electrical-tools,https://www.wokintools.com/wp-content/uploads/2023/09/303855-2.jpg
303507,7&#8243; MULTI-PURPOSE SCISSORS,cutting-tools,https://www.wokintools.com/wp-content/uploads/2023/09/303507-1.jpg
303010,10&#8243; TINMAN&#8217;S SNIPS (INDUSTRIAL),cutting-tools,https://www.wokintools.com/wp-content/uploads/2023/09/303010-3.jpg
302910,AVIATION SNIPS (INDUSTRIAL),cutting-tools,https://www.wokintools.com/wp-content/uploads/2023/09/302910-3.jpg
302810,AVIATION SNIPS (INDUSTRIAL),cutting-tools,https://www.wokintools.com/wp-content/uploads/2023/09/302810-3.jpg
302710,AVIATION SNIPS (INDUSTRIAL),cutting-tools,https://www.wokintools.com/wp-content/uploads/2023/09/302710-4.jpg
301319,UTILITY KNIFE (INDUSTRIAL),cutting-tools,https://www.wokintools.com/wp-content/uploads/2023/09/301319-4.jpg
301219,UTILITY KNIFE,cutting-tools,https://www.wokintools.com/wp-content/uploads/2023/09/301219-2.jpg
301119,UTILITY KNIFE,cutting-tools,https://www.wokintools.com/wp-content/uploads/2023/09/301119-2.jpg
301018,SCRAPER,cutting-tools,https://www.wokintools.com/wp-content/uploads/2023/09/301018-2.jpg
300925,10PCS BLADE SET (INDUSTRIAL),cutting-tools,https://www.wokintools.com/wp-content/uploads/2023/09/300925-2.jpg
300818,10PCS BLADE SET,cutting-tools,https://www.wokintools.com/wp-content/uploads/2023/09/300818-2.jpg
300809,10PCS BLADE SET,cutting-tools,https://www.wokintools.com/wp-content/uploads/2023/09/300809-2.jpg
300418,SNAP-OFF BLADE KNIFE,cutting-tools,https://www.wokintools.com/wp-content/uploads/2023/09/300418.jpg
300228,SNAP-OFF BLADE KNIFE,cutting-tools,https://www.wokintools.com/wp-content/uploads/2023/09/300228.jpg
300218,SNAP-OFF BLADE KNIFE,cutting-tools,https://www.wokintools.com/wp-content/uploads/2023/09/300218-2.jpg
300018,SNAP-OFF BLADE KNIFE,cutting-tools,https://www.wokintools.com/wp-content/uploads/2023/09/300018.jpg
257524,CROWBAR,striking-tools,https://www.wokintools.com/wp-content/uploads/2023/09/257524-2.jpg
257303,27PCS LETTER PUNCH,striking-tools,https://www.wokintools.com/wp-content/uploads/2023/09/257303.jpg
257203,9PCS FIGURE PUNCH,striking-tools,https://www.wokintools.com/wp-content/uploads/2023/09/257203.jpg
255110,COLD CHISEL,striking-tools,https://www.wokintools.com/wp-content/uploads/2023/09/255110.jpg
255010,COLD CHISEL,striking-tools,https://www.wokintools.com/wp-content/uploads/2023/09/255010.jpg
254404,4PCS WOOD CHISEL SET (INDUSTRIAL),striking-tools,https://www.wokintools.com/wp-content/uploads/2023/09/254404-3.jpg
253206,HATCHET,striking-tools,https://www.wokintools.com/wp-content/uploads/2023/09/253206-3.jpg
252506,ROOFING HAMMER (INDUSTRIAL),striking-tools,https://www.wokintools.com/wp-content/uploads/2023/09/252506-5.jpg
251902,DEAD BLOW MALLET,striking-tools,https://www.wokintools.com/wp-content/uploads/2023/09/251902.jpg
251835,TWO WAY MALLET,striking-tools,https://www.wokintools.com/wp-content/uploads/2023/09/251835-3.jpg
251708,RUBBER MALLET (INDUSTRIAL),striking-tools,https://www.wokintools.com/wp-content/uploads/2023/09/251708-5.jpg
251608,RUBBER MALLET,striking-tools,https://www.wokintools.com/wp-content/uploads/2023/09/251608-3.jpg
251425,"CLAW HAMMER, BRITISH TYPE",striking-tools,https://www.wokintools.com/wp-content/uploads/2023/09/251425-3.jpg
251208,CLAW HAMMER,striking-tools,https://www.wokintools.com/wp-content/uploads/2023/09/251208-3.jpg
251008,BALL PEIN HAMMER,striking-tools,https://www.wokintools.com/wp-content/uploads/2023/09/251016-3.jpg
250630,STONING HAMMER,striking-tools,https://www.wokintools.com/wp-content/uploads/2023/09/250650-2.jpg
250410,STONING HAMMER,striking-tools,https://www.wokintools.com/wp-content/uploads/2023/09/250410-3.jpg
250310,STONING HAMMER,striking-tools,https://www.wokintools.com/wp-content/uploads/2023/09/250310-1.jpg
250202,MACHINIST HAMMER,striking-tools,https://www.wokintools.com/wp-content/uploads/2023/09/250202-3.jpg
250102,MACHINIST HAMMER,striking-tools,https://www.wokintools.com/wp-content/uploads/2023/09/250102-2.jpg
107206,QUICK RATCHET BAR CLAMP,holding-tools,https://www.wokintools.com/wp-content/uploads/2023/09/107206-1.jpg
107004,SPRING CLAMP,holding-tools,https://www.wokintools.com/wp-content/uploads/2023/09/107004.jpg
106806,F-CLAMP (INDUSTRIAL),holding-tools,https://www.wokintools.com/wp-content/uploads/2023/09/106806-3.jpg
106606,F-CLAMP,holding-tools,https://www.wokintools.com/wp-content/uploads/2023/09/106606.jpg
106403,G-CLAMP,holding-tools,https://www.wokintools.com/wp-content/uploads/2023/09/106403.jpg
106204,BENCH VICE (INDUSTRIAL),holding-tools,https://www.wokintools.com/wp-content/uploads/2023/09/106204.jpg
106002,BENCH VICE,holding-tools,https://www.wokintools.com/wp-content/uploads/2023/09/106002-2.jpg
105109,9&#8243; REVOLVING PUNCH PLIERS,holding-tools,https://www.wokintools.com/wp-content/uploads/2023/09/105109.jpg
105006,4 IN 1 CIRCLIP PLIERS SET,holding-tools,https://www.wokintools.com/wp-content/uploads/2023/09/105006-1.jpg
104907,4PCS CIRCLIP PLIERS SET,holding-tools,https://www.wokintools.com/wp-content/uploads/2023/09/104907-1.jpg
104807,"EXTERANL CIRCLIP PLIERS, BENT",holding-tools,https://www.wokintools.com/wp-content/uploads/2023/09/104807-1.jpg
104707,"EXTERANL CIRCLIP PLIERS, STRAIGHT",holding-tools,https://www.wokintools.com/wp-content/uploads/2023/09/104707-1.jpg
104607,"INTERNAL CIRCLIP PLIER , BENT",holding-tools,https://www.wokintools.com/wp-content/uploads/2023/09/104607-1.jpg
104507,"INTERNAL CIRCLIP PLIERS, STRAIGHT",holding-tools,https://www.wokintools.com/wp-content/uploads/2023/09/104507-1.jpg
101610,QUICK-RELEASE WATER PUMP PLIERS (INDUSTRIAL),holding-tools,https://www.wokintools.com/wp-content/uploads/2023/09/101610-2.jpg
104108,PIPE WRENCH,holding-tools,https://www.wokintools.com/wp-content/uploads/2023/09/104108-1.jpg
104008,PIPE WRENCH (INDUSTRIAL),holding-tools,https://www.wokintools.com/wp-content/uploads/2023/09/104008-2.jpg
105510,90° BENT NOSE PIPE WRENCH (INDUSTRIAL),holding-tools,https://www.wokintools.com/wp-content/uploads/2023/09/105510-3.jpg
103812,BOLT CUTTER,holding-tools,https://www.wokintools.com/wp-content/uploads/2023/09/103812-1.jpg
103712,BOLT CUTTER (INDUSTRIAL),holding-tools,https://www.wokintools.com/wp-content/uploads/2023/09/103712-2.jpg
103608,8&#8243; MINI BOLT CUTTER,holding-tools,https://www.wokintools.com/wp-content/uploads/2023/09/103608-1.jpg
103509,9&#8243; LOCKING PLIERS,holding-tools,https://www.wokintools.com/wp-content/uploads/2023/09/103509-1.jpg
103410,LOCKING PLIERS,holding-tools,https://www.wokintools.com/wp-content/uploads/2023/09/103410-1.jpg
103311,11&#8243; LOCKING PLIERS (INDUSTRIAL),holding-tools,https://www.wokintools.com/wp-content/uploads/2023/09/103311-2.jpg
103209,LOCKING PLIERS (INDUSTRIAL),holding-tools,https://www.wokintools.com/wp-content/uploads/2023/09/103209-2.jpg
103110,LOCKING PLIERS (INDUSTRIAL),holding-tools,https://www.wokintools.com/wp-content/uploads/2023/09/103110-2.jpg
103010,10&#8243; LOCKING PLIERS (INDUSTRIAL),holding-tools,https://www.wokintools.com/wp-content/uploads/2023/09/103010-2.jpg
102908,8&#8243; CARPENTER&#8217;S PINCERS (INDUSTRIAL),holding-tools,https://www.wokintools.com/wp-content/uploads/2023/09/102908-2.jpg
102708,TOWER PINCER (INDUSTRIAL),holding-tools,https://www.wokintools.com/wp-content/uploads/2023/09/102708-2.jpg
102345,3PCS MINI PLIERS SET,holding-tools,https://www.wokintools.com/wp-content/uploads/2023/09/102345-1.jpg
102245,4.5&#8243; MINI DIAGONAL CUTTING PLIERS,holding-tools,https://www.wokintools.com/wp-content/uploads/2023/09/102245-1.jpg
102145,4.5&#8243; MINI LONG NOSE PLIERS,holding-tools,https://www.wokintools.com/wp-content/uploads/2023/09/102145-1.jpg
102045,4.5&#8243; MINI COMBINATION PLIERS,holding-tools,https://www.wokintools.com/wp-content/uploads/2023/09/102045-1.jpg
101510,10&#8243; WATER PUMP PLIERS (INDUSTRIAL),holding-tools,https://www.wokintools.com/wp-content/uploads/2019/08/wokin-water-pump-pliers.jpg
101406,6&#8243; WIRE STRIPPING PLIERS (INDUSTRIAL),holding-tools,https://www.wokintools.com/wp-content/uploads/2019/08/wokin-industrial-6-inch-wire-stripping-pliers.jpg
101306,6&#8243; BENT NOSE PLIERS (INDUSTRIAL),holding-tools,https://www.wokintools.com/wp-content/uploads/2019/08/wokin-bent-nose-pliers.jpg
101206,LONG NOSE PLIERS (INDUSTRIAL),holding-tools,https://www.wokintools.com/wp-content/uploads/2019/08/wokin-long-nose-pliers.jpg
101106,DIAGONAL CUTTING PLIERS (INDUSTRIAL),holding-tools,https://www.wokintools.com/wp-content/uploads/2019/08/wokin-diagonal-cutting-pliers-1.jpg
101006,COMBINATION PLIERS (INDUSTRIAL),holding-tools,https://www.wokintools.com/wp-content/uploads/2019/08/wokin-combination-pliers-1.jpg
100903,3PCS PLIERS SET,holding-tools,https://www.wokintools.com/wp-content/uploads/2023/09/100903-1.jpg
100510,10&#8243; WATER PUMP PLIERS,holding-tools,https://www.wokintools.com/wp-content/uploads/2023/09/100510-1.jpg
100406,6&#8243; WIRE STRIPPING PLIERS,holding-tools,https://www.wokintools.com/wp-content/uploads/2023/09/100406-1.jpg
100306,6&#8243; BENT NOSE PLIERS,holding-tools,https://www.wokintools.com/wp-content/uploads/2023/09/100306-1.jpg
100206,LONG NOSE PLIERS,holding-tools,https://www.wokintools.com/wp-content/uploads/2023/09/100206-1.jpg
100106,DIAGONAL CUTTING PLIERS,holding-tools,https://www.wokintools.com/wp-content/uploads/2023/09/100106-1.jpg
100006,COMBINATION PLIERS,holding-tools,https://www.wokintools.com/wp-content/uploads/2023/09/100006-1.jpg
222903,3PCS SDS-PLUS ADAPTOR SET,fastening-tools,https://www.wokintools.com/wp-content/uploads/2023/09/222903.jpg
222406,3PCS MAGNETIC NUT SOCKET SET,fastening-tools,https://www.wokintools.com/wp-content/uploads/2023/09/222406.jpg
222208,3PCS MAGNETIC NUT SOCKET SET,fastening-tools,https://www.wokintools.com/wp-content/uploads/2023/09/222208.jpg
221502,2PCS SCREWDRIVER BIT HOLDER SET,fastening-tools,https://www.wokintools.com/wp-content/uploads/2023/09/221502.jpg
218006,STAPLES,fastening-tools,https://www.wokintools.com/wp-content/uploads/2023/09/218006.jpg
217108,MEDIUM DUTY STAPLE GUN,fastening-tools,https://www.wokintools.com/wp-content/uploads/2023/09/217108-2.jpg
217014,HEAVY DUTY 3 WAY STAPLE GUN (INDUSTRIAL),fastening-tools,https://www.wokintools.com/wp-content/uploads/2023/09/217014-2.jpg
215432,FOLDING HAND RIVETER (INDUSTRIAL),fastening-tools,https://www.wokintools.com/wp-content/uploads/2023/09/215432-2.jpg
215210,HAND RIVETER (INDUSTRIAL),fastening-tools,https://www.wokintools.com/wp-content/uploads/2023/09/215210-2.jpg
215110,HAND RIVETER,fastening-tools,https://www.wokintools.com/wp-content/uploads/2023/09/215110-1.jpg
209008,8PCS TORX T-HANDLE SCREWDRIVERS SET,fastening-tools,https://www.wokintools.com/wp-content/uploads/2023/09/209008-1.jpg
208510,10PCS HEX KEY SET ON RING,fastening-tools,https://www.wokintools.com/wp-content/uploads/2023/09/208510.jpg
208318,8PCS FOLDING HEX KEY SET,fastening-tools,https://www.wokintools.com/wp-content/uploads/2023/09/208318-1.jpg
208218,8PCS FOLDING TORX HEX KEY SET,fastening-tools,https://www.wokintools.com/wp-content/uploads/2023/09/208218-1.jpg
208808,8PCS FOLDING TORX HEX KEY SET,fastening-tools,https://www.wokintools.com/wp-content/uploads/2023/09/207808.jpg
208708,8PCS FOLDING HEX KEY SET,fastening-tools,https://www.wokintools.com/wp-content/uploads/2019/08/wokin-8pcs-folding-hex-key-set-208708.jpg
207909,9PCS TORX EXTRA-LONG ARM HEX KEY SET,fastening-tools,https://www.wokintools.com/wp-content/uploads/2023/09/207909.jpg
208613,13PCS BALL POINT LONG ARM HEX KEY SET (INCH),fastening-tools,https://www.wokintools.com/wp-content/uploads/2023/09/208613.jpg
207609,9PCS BALL POINT EXTRA-LONG ARM HEX KEY SET,fastening-tools,https://www.wokintools.com/wp-content/uploads/2023/09/207509.jpg
207309,9PCS EXTRA-LONG ARM HEX KEY SET,fastening-tools,https://www.wokintools.com/wp-content/uploads/2023/09/207309.jpg
207209,9PCS LONG ARM HEX KEY SET,fastening-tools,https://www.wokintools.com/wp-content/uploads/2023/09/207209.jpg
212003,10PCS DOUBLE END SCREWDRIVER BIT SET (INDUSTRIAL),fastening-tools,https://www.wokintools.com/wp-content/uploads/2023/09/212003-2.jpg
206842,42PCS BIT &#038; SOCKET SET,fastening-tools,https://www.wokintools.com/wp-content/uploads/2023/09/206842-1.jpg
206741,41PCS BIT &#038; SOCKET SET,fastening-tools,https://www.wokintools.com/wp-content/uploads/2023/09/206741-1.jpg
206638,38PCS BIT &#038; SOCKET SET,fastening-tools,https://www.wokintools.com/wp-content/uploads/2023/09/206638-1.jpg
206526,26PCS BITS SET,fastening-tools,https://www.wokintools.com/wp-content/uploads/2023/09/206526-1.jpg
206314,14 IN 1 RATCHET SCREWDRIVER,fastening-tools,https://www.wokintools.com/wp-content/uploads/2023/09/206314-1.jpg
206207,7 IN 1 RATCHET DRIVER,fastening-tools,https://www.wokintools.com/wp-content/uploads/2023/09/206207-1.jpg
206109,9PCS INTERCHANGEABLE SCREWDRIVER SET,fastening-tools,https://www.wokintools.com/wp-content/uploads/2023/09/206109-1.jpg
206006,6 IN 1 SCREWDRIVER SET,fastening-tools,https://www.wokintools.com/wp-content/uploads/2023/09/206006-1.jpg
206002,2 IN 1 SCREWDRIVER SET,fastening-tools,https://www.wokintools.com/wp-content/uploads/2023/09/206002-1.jpg
205806,6PCS PRECISION SCREWDRIVER SET,fastening-tools,https://www.wokintools.com/wp-content/uploads/2023/09/205806-1.jpg
205706,6PCS PRECISION SCREWDRIVER SET,fastening-tools,https://www.wokintools.com/wp-content/uploads/2023/09/205706-1.jpg
200806,6PCS SCREWDRIVER SET (INDUSTRIAL),fastening-tools,https://www.wokintools.com/wp-content/uploads/2019/08/wokin-6pcs-screwdriver-set.jpg
200804,4PCS SCREWDRIVER SET (INDUSTRIAL),fastening-tools,https://www.wokintools.com/wp-content/uploads/2019/08/wokin-4pcs-screwdrivers-set-200804.jpg
200433,SCREWDRIVER (INDUSTRIAL),fastening-tools,https://www.wokintools.com/wp-content/uploads/2019/08/wokin-screwdriver-2.jpg
200233,SCREWDRIVER (INDUSTRIAL),fastening-tools,https://www.wokintools.com/wp-content/uploads/2019/08/wokin-screwdriver-1.jpg
200251,"SCREWDRIVER, STUBBY (INDUSTRIAL)",fastening-tools,https://www.wokintools.com/wp-content/uploads/2019/08/wokin-screwdriver-stubby-ph.jpg
200033,SCREWDRIVER (INDUSTRIAL),fastening-tools,https://www.wokintools.com/wp-content/uploads/2019/08/wokin-screwdriver.jpg
200051,"SCREWDRIVER, STUBBY (INDUSTRIAL)",fastening-tools,https://www.wokintools.com/wp-content/uploads/2019/08/wokin-screwdriver-stubby.jpg
155545,45PCS 1/4&#8243; &#038; 1/2&#8243; DRIVE SOCKET SET (INDUSTRIAL),tool-sets,https://www.wokintools.com/wp-content/uploads/2019/08/wokin-45pcs-1-4-and-1-2-drive-socket-set.jpg
155222,22PCS 1/2&#8243; DRIVE SOCKET SET (INDUSTRIAL),tool-sets,https://www.wokintools.com/wp-content/uploads/2019/08/wokin-22pcs-1-2-drive-socket-set.jpg
155146,46PCS 1/4&#8243; DRIVE SOCKET SET (INDUSTRIAL),tool-sets,https://www.wokintools.com/wp-content/uploads/2019/08/wokin-46pcs-drive-socket-set.jpg
154810,14PCS 1/4&#8243; DRIVE RATCHET HANDLE WITH SOCKETS SET (INDUSTRIAL),mechanics-tools,https://www.wokintools.com/wp-content/uploads/2019/08/wokin-14pcs-1-4-drive-ratchet-handle-with-sockets-set.jpg
154830,12PCS 1/2&#8243; DRIVE RATCHET HANDLE WITH SOCKETS SET (INDUSTRIAL),mechanics-tools,https://www.wokintools.com/wp-content/uploads/2019/08/wokin-12pcs-1-2-drive-ratchet-handle-with-sockets-set.jpg
154608,1/2&#8243; DRIVE DEEP SOCKET (INDUSTRIAL),mechanics-tools,https://www.wokintools.com/wp-content/uploads/2023/09/154608-1.jpg
154508,1/2&#8243; DRIVE SOCKET (INDUSTRIAL),mechanics-tools,https://www.wokintools.com/wp-content/uploads/2023/09/154508-1.jpg
154012,UNIVERSAL JOINT (INDUSTRIAL),mechanics-tools,https://www.wokintools.com/wp-content/uploads/2023/09/154012-2.jpg
153705,SLIDING BAR (INDUSTRIAL),mechanics-tools,https://www.wokintools.com/wp-content/uploads/2019/08/SLIDING-BAR.jpg
153402,EXTENSION BAR (INDUSTRIAL),mechanics-tools,https://www.wokintools.com/wp-content/uploads/2023/09/153402-2.jpg
153210,REVERSIBLE RATCHET (INDUSTRIAL),mechanics-tools,https://www.wokintools.com/wp-content/uploads/2019/08/wokin-industrial-reversible-ratchet-handle.jpg
153007,T-TYPE WRENCH,mechanics-tools,https://www.wokintools.com/wp-content/uploads/2023/09/153008.jpg
152508,L-TYPE WRENCH,mechanics-tools,https://www.wokintools.com/wp-content/uploads/2023/09/152508.jpg
152114,CROSS RIM WRENCH,mechanics-tools,https://www.wokintools.com/wp-content/uploads/2023/09/152114.jpg
151907,7PCS FLEXIBLE COMBINATION GEAR SPANNER SET (INDUSTRIAL),mechanics-tools,https://www.wokintools.com/wp-content/uploads/2023/09/151907-1.jpg
151807,7PCS FIXED COMBINATION GEAR SPANNER SET (INDUSTRIAL),mechanics-tools,https://www.wokintools.com/wp-content/uploads/2023/09/151807-1.jpg
151708,FLARE NUT SPANNER (INDUSTRIAL),mechanics-tools,https://www.wokintools.com/wp-content/uploads/2023/09/151708-2.jpg
151410,DOUBLE SOCKET RATCHET HANDLE (INDUSTRIAL),mechanics-tools,https://www.wokintools.com/wp-content/uploads/2023/09/151410-2.jpg
151012,12PCS DOUBLE RING SPANNER SET (INDUSTRIAL),mechanics-tools,https://www.wokintools.com/wp-content/uploads/2023/09/151012-2.jpg
151008,8PCS DOUBLE RING SPANNER SET (INDUSTRIAL),mechanics-tools,https://www.wokintools.com/wp-content/uploads/2023/09/151008-2.jpg
150912,12PCS DOUBLE OPEN END SPANNER SET (INDUSTRIAL),mechanics-tools,https://www.wokintools.com/wp-content/uploads/2023/09/150912-2.jpg
150908,8PCS DOUBLE OPEN END SPANNER SET (INDUSTRIAL),mechanics-tools,https://www.wokintools.com/wp-content/uploads/2023/09/150908-2.jpg
150814,14PCS COMBINATION SPANNER SET (INDUSTRIAL),mechanics-tools,https://www.wokintools.com/wp-content/uploads/2023/09/150814-2.jpg
150812,12PCS COMBINATION SPANNER SET (INDUSTRIAL),mechanics-tools,https://www.wokintools.com/wp-content/uploads/2023/09/150812-2.jpg
150808,8PCS COMBINATION SPANNER SET (INDUSTRIAL),mechanics-tools,https://www.wokintools.com/wp-content/uploads/2023/09/150808-2.jpg
150706,DOUBLE RING SPANNER (INDUSTRIAL),mechanics-tools,https://www.wokintools.com/wp-content/uploads/2023/09/150706-2.jpg
150506,COMBINATION SPANNER (INDUSTRIAL),mechanics-tools,https://www.wokintools.com/wp-content/uploads/2023/09/150506-2.jpg
150412,UNIVERSAL WRENCH,mechanics-tools,https://www.wokintools.com/wp-content/uploads/2023/09/150412.jpg
150406,6&#8243; STUBBY ADJUSTABLE WRENCH,mechanics-tools,https://www.wokintools.com/wp-content/uploads/2019/08/wokin-stubby-adjustable-wrench.jpg
150006,ADJUSTABLE WRENCH,mechanics-tools,https://www.wokintools.com/wp-content/uploads/2019/08/ADJUSTABLE-WRENCH.jpg
